Workbook

Sheet Game Description
A1: About the Game
A2: Game Name | B2: Burning classic | H2: • 20 line game left-to-right evaluation
A3: Game Type | B3: 20 lines | H3: • Wins are formed by matching symbols on consecutive reels starting from reel 1
A4: Window Size (Base Game) | B4: 3X5 | H4: only >=3 of kind combination is paid
A5: Pay Direction | B5: Left to Right | H5: Free spins can be retriggered. Retrigger gives 10 free spins
A6: Total Bet Range | H6: If 3OK of Wild has less pay than 3OK Wild plus Symbol , then symbol's 4OK is paid and similar case for 4OK wild.
A7: Buy multiplier | B7: 50x
A14: Symbols Table | C14: 3OK | D14: 4OK | E14: 5OK
A15: HV1 | B15: AA | C15: 20 | D15: 100 | E15: 200
A16: HV2 | B16: BB | C16: 20 | D16: 100 | E16: 200
A17: HV3 | B17: CC | C17: 20 | D17: 100 | E17: 200
A18: LV1 | B18: DD | C18: 5 | D18: 20 | E18: 100
A19: LV2 | B19: EE | C19: 5 | D19: 20 | E19: 100
A20: LV3 | B20: FF | C20: 1 | D20: 10 | E20: 50
A21: LV4 | B21: GG | C21: 1 | D21: 10 | E21: 50
A22: Wild | B22: WD | C22: 40 | D22: 400 | E22: 1000
A23: Scatter | B23: SC | C23: 10 | D23: 50 | E23: 500
A26: Line | B26: Reel 1 | C26: Reel 2 | D26: Reel 3 | E26: Reel 4 | F26: Reel 5
A27: 1 | B27: 1 | C27: 1 | D27: 1 | E27: 1 | F27: 1
A28: 2 | B28: 0 | C28: 0 | D28: 0 | E28: 0 | F28: 0
A29: 3 | B29: 2 | C29: 2 | D29: 2 | E29: 2 | F29: 2
A30: 4 | B30: 0 | C30: 1 | D30: 2 | E30: 1 | F30: 0
A31: 5 | B31: 2 | C31: 1 | D31: 0 | E31: 1 | F31: 2
A32: 6 | B32: 0 | C32: 0 | D32: 1 | E32: 0 | F32: 0
A33: 7 | B33: 2 | C33: 2 | D33: 1 | E33: 2 | F33: 2
A34: 8 | B34: 1 | C34: 2 | D34: 2 | E34: 2 | F34: 1
A35: 9 | B35: 1 | C35: 0 | D35: 0 | E35: 0 | F35: 1
A36: 10 | B36: 1 | C36: 0 | D36: 1 | E36: 0 | F36: 1
A37: 11 | B37: 1 | C37: 2 | D37: 1 | E37: 2 | F37: 1
A38: 12 | B38: 0 | C38: 1 | D38: 0 | E38: 1 | F38: 0
... A46: 20 | B46: 0 | C46: 2 | D46: 0 | E46: 2 | F46: 0

Sheet Parsheet
H2: Base Game Stats | L2: Win Brackets
H3: Base game Hitrate | I3: 3.06643 | L3: Win | M3: Frequency (%) | N3: Count
B4: Base bet | C4: 20 | L4: 0x | M4: 67.3888
L5: 0-1x | M5: 17.7783
B6: Base game RTP | C6: 57.7172 | E6: Max win cap | F6: 22000 | H6: Free game Stats | L6: 1 - 2x | M6: 7.2106
B7: Free Game RTP | C7: 37.4294 | E7: max win hitrate | F7: 12 | H7: Free game Trigger Rate | I7: 69.8411 | L7: 2 - 3x | M7: 2.8829
E8: Simulation count | F8: 1000000000 | H8: Free game Hitrate | I8: 2.02609 | L8: 3 - 5x | M8: 1.1048
B9: Total | C9: =SUM(C6:C7) -> 95.1466 | L9: 5 - 10x | M9: 1.7417
H10: Average Free spins : | I10: 12.247 | L10: 10 - 20x | M10: 0.8838
H11: Average Wins : | I11: 26.153X | L11: 20-50x | M11: 0.7068
H12: Retrigger rate : | I12: 54.5048 | L12: 50-100x | M12: 0.2575
L13: 100-200x | M13: 0.0402
H14: Buy free spin | L14: 200-300x | M14: 0.0015
H15: Average Win | I15: 47.489x | L15: 300-500x | M15: 0.0001
L16: 500-600x | N16: 5
L17: 600+ | M17: 0.0031

Sheet BaseGameReel
B1: Basegame Reel Strip
A2: Reel 1 | B2: Reel 2 | C2: Reel 3 | D2: Reel 4 | E2: Reel 5
A3: GG | B3: EE | C3: FF | D3: EE | E3: EE | Q3: Base bet | R3: 20
A4: GG | B4: EE | C4: FF | D4: GG | E4: EE
A5: EE | B5: EE | C5: AA | D5: EE | E5: EE | O5: Symbol | P5: Number | Q5: Payout | R5: Reel 1 | S5: Reel 2 | T5: Reel 3 | U5: Reel 4 | V5: Reel 5 | X5: Hits | Y5: RTP | AA5: Symbol | AB5: Symbols | AC5: Number | AD5: Payout | AE5: Reel 1 | AF5: Reel 2 | AG5: Reel 3 | AH5: Reel 4 | AI5: Reel 5 | AK5: Hits | AL5: RTP
A6: AA | B6: AA | C6: EE | D6: EE | E6: BB | O6: AA | P6: 5 | Q6: ='Game Description'!E15 -> 200 | R6: =INDEX($H$11:$L$19,MATCH($O6,$G$11:$G$18,0),MATCH(R$5,$H$10:$L$10,0))+H$19 -> 5 | S6: =INDEX($H$11:$L$19,MATCH($O6,$G$11:$G$18,0),MATCH(S$5,$H$10:$L$10,0))+I$19 -> 6 | T6: =INDEX($H$11:$L$19,MATCH($O6,$G$11:$G$18,0),MATCH(T$5,$H$10:$L$10,0))+J$19 -> 8 | U6: =INDEX($H$11:$L$19,MATCH($O6,$G$11:$G$18,0),MATCH(U$5,$H$10:$L$10,0))+K$19 -> 6 | V6: =INDEX($H$11:$L$19,MATCH($O6,$G$11:$G$18,0),MATCH(V$5,$H$10:$L$10,0))+L$19 -> 6 | W6: =X6*Q6 -> 1705600 | X6: =PRODUCT(R6:V6)-AK6-AK8-AK27 -> 8528 | Y6: =(X6/$X$43)*Q6 -> 0.00545792 | AA6: WD | AB6: AA | AC6: 4 | AD6: ='Game Description'!$D$22 -> 400 | AE6: =INDEX($H$11:$L$19,MATCH($AA6,$G$11:$G$19,0),MATCH(R$5,$H$10:$L$10,0)) -> 1 | AF6: =INDEX($H$11:$L$19,MATCH($AA6,$G$11:$G$19,0),MATCH(S$5,$H$10:$L$10,0)) -> 2 | AG6: =INDEX($H$11:$L$19,MATCH($AA6,$G$11:$G$19,0),MATCH(T$5,$H$10:$L$10,0)) -> 2 | AH6: =INDEX($H$11:$L$19,MATCH($AA6,$G$11:$G$19,0),MATCH(U$5,$H$10:$L$10,0)) -> 2 | AI6: =INDEX($H$11:$L$19,MATCH("AA",$G$11:$G$19,0),MATCH(AI$5,$H$10:$L$10,0)) -> 4 | AJ6: =AL6*$X$43 -> 12800 | AK6: =PRODUCT(AE6:AI6) -> 32 | AL6: =IF(AD6>Q6,AD6,Q6)*(AK6/$X$43) -> 4.096e-05
A7: BB | B7: AA | C7: GG | D7: SC | E7: EE | O7: AA | P7: 4 | Q7: ='Game Description'!D15 -> 100 | R7: =INDEX($H$11:$L$19,MATCH($O7,$G$11:$G$18,0),MATCH(R$5,$H$10:$L$10,0))+H$19 -> 5 | S7: =INDEX($H$11:$L$19,MATCH($O7,$G$11:$G$18,0),MATCH(S$5,$H$10:$L$10,0))+I$19 -> 6 | T7: =INDEX($H$11:$L$19,MATCH($O7,$G$11:$G$18,0),MATCH(T$5,$H$10:$L$10,0))+J$19 -> 8 | U7: =INDEX($H$11:$L$19,MATCH($O7,$G$11:$G$18,0),MATCH(U$5,$H$10:$L$10,0))+K$19 -> 6 | V7: =L$20-(L$19+INDEX($H$11:$L$19,MATCH($O7,$G$11:$G$17,0),MATCH(V$5,$H$10:$L$10,0))) -> 44 | W7: =X7*Q7 -> 6230400 | X7: =PRODUCT(R7:V7)-PRODUCT($H$19:$K$19)*$V7-$AK7 -> 62304 | Y7: =(X7/$X$43)*Q7 -> 0.01993728 | AA7: WD | AB7: AA | AC7: 3 | AD7: ='Game Description'!$C$22 -> 40 | AE7: =INDEX($H$11:$L$19,MATCH($AA7,$G$11:$G$19,0),MATCH(R$5,$H$10:$L$10,0)) -> 1 | AF7: =INDEX($H$11:$L$19,MATCH($AA7,$G$11:$G$19,0),MATCH(S$5,$H$10:$L$10,0)) -> 2 | AG7: =INDEX($H$11:$L$19,MATCH($AA7,$G$11:$G$19,0),MATCH(T$5,$H$10:$L$10,0)) -> 2 | AH7: =INDEX($H$11:$L$19,MATCH("AA",$G$11:$G$19,0),MATCH(AH$5,$H$10:$L$10,0)) -> 4 | AI7: =$L$20-L$19-L11 -> 44 | AJ7: =AL7*$X$43 -> 70400 | AK7: =PRODUCT(AE7:AI7) -> 704 | AL7: =IF(AD7>Q7,AD7,Q7)*(AK7/$X$43) -> 0.00022528
A8: BB | B8: GG | C8: SC | D8: BB | E8: CC | O8: AA | P8: 3 | Q8: ='Game Description'!C15 -> 20 | R8: =INDEX($H$11:$L$19,MATCH($O8,$G$11:$G$18,0),MATCH(R$5,$H$10:$L$10,0))+H$19 -> 5 | S8: =INDEX($H$11:$L$19,MATCH($O8,$G$11:$G$18,0),MATCH(S$5,$H$10:$L$10,0))+I$19 -> 6 | T8: =INDEX($H$11:$L$19,MATCH($O8,$G$11:$G$18,0),MATCH(T$5,$H$10:$L$10,0))+J$19 -> 8 | U8: =K$20-(K$19+INDEX($H$11:$L$19,MATCH($O8,$G$11:$G$18,0),MATCH(U$5,$H$10:$L$10,0))) -> 44 | V8: =$L$20 -> 50 | W8: =X8*Q8 -> 10384000 | X8: =PRODUCT(R8:V8)- PRODUCT($H$19:$J$19)*U8*V8 -> 519200 | Y8: =(X8/$X$43)*Q8 -> 0.0332288 | AA8: WD | AB8: AA | AC8: 3 | AD8: ='Game Description'!$C$22 -> 40 | AE8: =INDEX($H$11:$L$19,MATCH($AA8,$G$11:$G$19,0),MATCH(R$5,$H$10:$L$10,0)) -> 1 | AF8: =INDEX($H$11:$L$19,MATCH($AA8,$G$11:$G$19,0),MATCH(S$5,$H$10:$L$10,0)) -> 2 | AG8: =INDEX($H$11:$L$19,MATCH($AA8,$G$11:$G$19,0),MATCH(T$5,$H$10:$L$10,0)) -> 2 | AH8: =INDEX($H$11:$L$19,MATCH("AA",$G$11:$G$19,0),MATCH(AH$5,$H$10:$L$10,0)) -> 4 | AI8: =L11 -> 4 | AJ8: =AL8*$X$43 -> 12800 | AK8: =PRODUCT(AE8:AI8) -> 64 | AL8: =IF(AD8>Q6,AD8,Q6)*(AK8/$X$43) -> 4.096e-05
A9: EE | B9: CC | C9: BB | D9: EE | E9: FF | G9: With | O9: BB | P9: 5 | Q9: ='Game Description'!E16 -> 200 | R9: =INDEX($H$11:$L$19,MATCH($O9,$G$11:$G$18,0),MATCH(R$5,$H$10:$L$10,0))+H$19 -> 6 | S9: =INDEX($H$11:$L$19,MATCH($O9,$G$11:$G$18,0),MATCH(S$5,$H$10:$L$10,0))+I$19 -> 7 | T9: =INDEX($H$11:$L$19,MATCH($O9,$G$11:$G$18,0),MATCH(T$5,$H$10:$L$10,0))+J$19 -> 6 | U9: =INDEX($H$11:$L$19,MATCH($O9,$G$11:$G$18,0),MATCH(U$5,$H$10:$L$10,0))+K$19 -> 5 | V9: =INDEX($H$11:$L$19,MATCH($O9,$G$11:$G$18,0),MATCH(V$5,$H$10:$L$10,0))+L$19 -> 6 | W9: =X9*Q9 -> 1492800 | X9: =PRODUCT(R9:V9)-AK9-AK11-AK27 -> 7464 | Y9: =(X9/$X$43)*Q9 -> 0.00477696 | Z9: =SUM(Y6:Y8) -> 0.058624 | AA9: WD | AB9: BB | AC9: 4 | AD9: ='Game Description'!$D$22 -> 400 | AE9: =INDEX($H$11:$L$19,MATCH($AA9,$G$11:$G$19,0),MATCH(R$5,$H$10:$L$10,0)) -> 1 | AF9: =INDEX($H$11:$L$19,MATCH($AA9,$G$11:$G$19,0),MATCH(S$5,$H$10:$L$10,0)) -> 2 | AG9: =INDEX($H$11:$L$19,MATCH($AA9,$G$11:$G$19,0),MATCH(T$5,$H$10:$L$10,0)) -> 2 | AH9: =INDEX($H$11:$L$19,MATCH($AA9,$G$11:$G$19,0),MATCH(U$5,$H$10:$L$10,0)) -> 2 | AI9: =INDEX($H$11:$L$19,MATCH("BB",$G$11:$G$19,0),MATCH(AI$5,$H$10:$L$10,0)) -> 4 | AJ9: =AL9*$X$43 -> 12800 | AK9: =PRODUCT(AE9:AI9) -> 32 | AL9: =IF(AD9>Q9,AD9,Q9)*(AK9/$X$43) -> 4.096e-05
A10: AA | B10: EE | C10: FF | D10: DD | E10: EE | G10: Symbol | H10: Reel 1 | I10: Reel 2 | J10: Reel 3 | K10: Reel 4 | L10: Reel 5 | O10: BB | P10: 4 | Q10: ='Game Description'!D16 -> 100 | R10: =INDEX($H$11:$L$19,MATCH($O10,$G$11:$G$18,0),MATCH(R$5,$H$10:$L$10,0))+H$19 -> 6 | S10: =INDEX($H$11:$L$19,MATCH($O10,$G$11:$G$18,0),MATCH(S$5,$H$10:$L$10,0))+I$19 -> 7 | T10: =INDEX($H$11:$L$19,MATCH($O10,$G$11:$G$18,0),MATCH(T$5,$H$10:$L$10,0))+J$19 -> 6 | U10: =INDEX($H$11:$L$19,MATCH($O10,$G$11:$G$18,0),MATCH(U$5,$H$10:$L$10,0))+K$19 -> 5 | V10: =L$20-(L$19+INDEX($H$11:$L$19,MATCH($O10,$G$11:$G$17,0),MATCH(V$5,$H$10:$L$10,0))) -> 44 | W10: =X10*Q10 -> 5456000 | X10: =PRODUCT(R10:V10)-PRODUCT($H$19:$K$19)*$V10-$AK10 -> 54560 | Y10: =(X10/$X$43)*Q10 -> 0.0174592 | AA10: WD | AB10: BB | AC10: 3 | AD10: ='Game Description'!$C$22 -> 40 | AE10: =INDEX($H$11:$L$19,MATCH($AA10,$G$11:$G$19,0),MATCH(R$5,$H$10:$L$10,0)) -> 1 | AF10: =INDEX($H$11:$L$19,MATCH($AA10,$G$11:$G$19,0),MATCH(S$5,$H$10:$L$10,0)) -> 2 | AG10: =INDEX($H$11:$L$19,MATCH($AA10,$G$11:$G$19,0),MATCH(T$5,$H$10:$L$10,0)) -> 2 | AH10: =INDEX($H$11:$L$19,MATCH("BB",$G$11:$G$19,0),MATCH(AH$5,$H$10:$L$10,0)) -> 3 | AI10: =$L$20-L$19-L12 -> 44 | AJ10: =AL10*$X$43 -> 52800 | AK10: =PRODUCT(AE10:AI10) -> 528 | AL10: =IF(AD10>Q10,AD10,Q10)*(AK10/$X$43) -> 0.00016896
A11: GG | B11: SC | C11: CC | D11: GG | E11: SC | G11: AA | H11: =COUNTIF(A$1:A$899,$G11) -> 4 | I11: =COUNTIF(B$1:B$899,$G11) -> 4 | J11: =COUNTIF(C$1:C$899,$G11) -> 6 | K11: =COUNTIF(D$1:D$899,$G11) -> 4 | L11: =COUNTIF(E$1:E$899,$G11) -> 4 | O11: BB | P11: 3 | Q11: ='Game Description'!C16 -> 20 | R11: =INDEX($H$11:$L$19,MATCH($O11,$G$11:$G$18,0),MATCH(R$5,$H$10:$L$10,0))+H$19 -> 6 | S11: =INDEX($H$11:$L$19,MATCH($O11,$G$11:$G$18,0),MATCH(S$5,$H$10:$L$10,0))+I$19 -> 7 | T11: =INDEX($H$11:$L$19,MATCH($O11,$G$11:$G$18,0),MATCH(T$5,$H$10:$L$10,0))+J$19 -> 6 | U11: =K$20-(K$19+INDEX($H$11:$L$19,MATCH($O11,$G$11:$G$18,0),MATCH(U$5,$H$10:$L$10,0))) -> 45 | V11: =$L$20 -> 50 | W11: =X11*Q11 -> 11160000 | X11: =PRODUCT(R11:V11)- PRODUCT($H$19:$J$19)*U11*V11 -> 558000 | Y11: =X11/$X$43*Q11 -> 0.035712 | AA11: WD | AB11: BB | AC11: 3 | AD11: ='Game Description'!$C$22 -> 40 | AE11: =INDEX($H$11:$L$19,MATCH($AA11,$G$11:$G$19,0),MATCH(R$5,$H$10:$L$10,0)) -> 1 | AF11: =INDEX($H$11:$L$19,MATCH($AA11,$G$11:$G$19,0),MATCH(S$5,$H$10:$L$10,0)) -> 2 | AG11: =INDEX($H$11:$L$19,MATCH($AA11,$G$11:$G$19,0),MATCH(T$5,$H$10:$L$10,0)) -> 2 | AH11: =INDEX($H$11:$L$19,MATCH("BB",$G$11:$G$19,0),MATCH(AH$5,$H$10:$L$10,0)) -> 3 | AI11: =L12 -> 4 | AJ11: =AL11*$X$43 -> 9600 | AK11: =PRODUCT(AE11:AI11) -> 48 | AL11: =IF(AD11>Q9,AD11,Q9)*(AK11/$X$43) -> 3.072e-05
A12: DD | B12: AA | C12: AA | D12: CC | E12: GG | G12: BB | H12: =COUNTIF(A$1:A$899,$G12) -> 5 | I12: =COUNTIF(B$1:B$899,$G12) -> 5 | J12: =COUNTIF(C$1:C$899,$G12) -> 4 | K12: =COUNTIF(D$1:D$899,$G12) -> 3 | L12: =COUNTIF(E$1:E$899,$G12) -> 4 | O12: CC | P12: 5 | Q12: ='Game Description'!E17 -> 200 | R12: =INDEX($H$11:$L$19,MATCH($O12,$G$11:$G$18,0),MATCH(R$5,$H$10:$L$10,0))+H$19 -> 5 | S12: =INDEX($H$11:$L$19,MATCH($O12,$G$11:$G$18,0),MATCH(S$5,$H$10:$L$10,0))+I$19 -> 7 | T12: =INDEX($H$11:$L$19,MATCH($O12,$G$11:$G$18,0),MATCH(T$5,$H$10:$L$10,0))+J$19 -> 5 | U12: =INDEX($H$11:$L$19,MATCH($O12,$G$11:$G$18,0),MATCH(U$5,$H$10:$L$10,0))+K$19 -> 6 | V12: =INDEX($H$11:$L$19,MATCH($O12,$G$11:$G$18,0),MATCH(V$5,$H$10:$L$10,0))+L$19 -> 7 | W12: =X12*Q12 -> 1442800 | X12: =PRODUCT(R12:V12)-AK12-AK14-AK27 -> 7214 | Y12: =(X12/$X$43)*Q12 -> 0.00461696 | Z12: =SUM(Y9:Y11) -> 0.05794816 | AA12: WD | AB12: CC | AC12: 4 | AD12: ='Game Description'!$D$22 -> 400 | AE12: =INDEX($H$11:$L$19,MATCH($AA12,$G$11:$G$19,0),MATCH(R$5,$H$10:$L$10,0)) -> 1 | AF12: =INDEX($H$11:$L$19,MATCH($AA12,$G$11:$G$19,0),MATCH(S$5,$H$10:$L$10,0)) -> 2 | AG12: =INDEX($H$11:$L$19,MATCH($AA12,$G$11:$G$19,0),MATCH(T$5,$H$10:$L$10,0)) -> 2 | AH12: =INDEX($H$11:$L$19,MATCH($AA12,$G$11:$G$19,0),MATCH(U$5,$H$10:$L$10,0)) -> 2 | AI12: =INDEX($H$11:$L$19,MATCH("CC",$G$11:$G$19,0),MATCH(AI$5,$H$10:$L$10,0)) -> 5 | AJ12: =AL12*$X$43 -> 16000 | AK12: =PRODUCT(AE12:AI12) -> 40 | AL12: =IF(AD12>Q12,AD12,Q12)*(AK12/$X$43) -> 5.12e-05
A13: FF | B13: FF | C13: AA | D13: WD | E13: DD | G13: CC | H13: =COUNTIF(A$1:A$899,$G13) -> 4 | I13: =COUNTIF(B$1:B$899,$G13) -> 5 | J13: =COUNTIF(C$1:C$899,$G13) -> 3 | K13: =COUNTIF(D$1:D$899,$G13) -> 4 | L13: =COUNTIF(E$1:E$899,$G13) -> 5 | O13: CC | P13: 4 | Q13: ='Game Description'!D17 -> 100 | R13: =INDEX($H$11:$L$19,MATCH($O13,$G$11:$G$18,0),MATCH(R$5,$H$10:$L$10,0))+H$19 -> 5 | S13: =INDEX($H$11:$L$19,MATCH($O13,$G$11:$G$18,0),MATCH(S$5,$H$10:$L$10,0))+I$19 -> 7 | T13: =INDEX($H$11:$L$19,MATCH($O13,$G$11:$G$18,0),MATCH(T$5,$H$10:$L$10,0))+J$19 -> 5 | U13: =INDEX($H$11:$L$19,MATCH($O13,$G$11:$G$18,0),MATCH(U$5,$H$10:$L$10,0))+K$19 -> 6 | V13: =L$20-(L$19+INDEX($H$11:$L$19,MATCH($O13,$G$11:$G$17,0),MATCH(V$5,$H$10:$L$10,0))) -> 43 | W13: =X13*Q13 -> 4411800 | X13: =PRODUCT(R13:V13)-PRODUCT($H$19:$K$19)*$V13-$AK13 -> 44118 | Y13: =(X13/$X$43)*Q13 -> 0.01411776 | AA13: WD | AB13: CC | AC13: 3 | AD13: ='Game Description'!$C$22 -> 40 | AE13: =INDEX($H$11:$L$19,MATCH($AA13,$G$11:$G$19,0),MATCH(R$5,$H$10:$L$10,0)) -> 1 | AF13: =INDEX($H$11:$L$19,MATCH($AA13,$G$11:$G$19,0),MATCH(S$5,$H$10:$L$10,0)) -> 2 | AG13: =INDEX($H$11:$L$19,MATCH($AA13,$G$11:$G$19,0),MATCH(T$5,$H$10:$L$10,0)) -> 2 | AH13: =INDEX($H$11:$L$19,MATCH("CC",$G$11:$G$19,0),MATCH(AH$5,$H$10:$L$10,0)) -> 4 | AI13: =$L$20-L$19-L13 -> 43 | AJ13: =AL13*$X$43 -> 68800 | AK13: =PRODUCT(AE13:AI13) -> 688 | AL13: =IF(AD13>Q13,AD13,Q13)*(AK13/$X$43) -> 0.00022016
A14: BB | B14: FF | C14: AA | D14: GG | E14: FF | G14: DD | H14: =COUNTIF(A$1:A$899,$G14) -> 7 | I14: =COUNTIF(B$1:B$899,$G14) -> 6 | J14: =COUNTIF(C$1:C$899,$G14) -> 8 | K14: =COUNTIF(D$1:D$899,$G14) -> 8 | L14: =COUNTIF(E$1:E$899,$G14) -> 7 | O14: CC | P14: 3 | Q14: ='Game Description'!C17 -> 20 | R14: =INDEX($H$11:$L$19,MATCH($O14,$G$11:$G$18,0),MATCH(R$5,$H$10:$L$10,0))+H$19 -> 5 | S14: =INDEX($H$11:$L$19,MATCH($O14,$G$11:$G$18,0),MATCH(S$5,$H$10:$L$10,0))+I$19 -> 7 | T14: =INDEX($H$11:$L$19,MATCH($O14,$G$11:$G$18,0),MATCH(T$5,$H$10:$L$10,0))+J$19 -> 5 | U14: =K$20-(K$19+INDEX($H$11:$L$19,MATCH($O14,$G$11:$G$18,0),MATCH(U$5,$H$10:$L$10,0))) -> 44 | V14: =$L$20 -> 50 | W14: =X14*Q14 -> 7524000 | X14: =PRODUCT(R14:V14)- PRODUCT($H$19:$J$19)*U14*V14 -> 376200 | Y14: =(X14/$X$43)*Q14 -> 0.0240768 | AA14: WD | AB14: CC | AC14: 3 | AD14: ='Game Description'!$C$22 -> 40 | AE14: =INDEX($H$11:$L$19,MATCH($AA14,$G$11:$G$19,0),MATCH(R$5,$H$10:$L$10,0)) -> 1 | AF14: =INDEX($H$11:$L$19,MATCH($AA14,$G$11:$G$19,0),MATCH(S$5,$H$10:$L$10,0)) -> 2 | AG14: =INDEX($H$11:$L$19,MATCH($AA14,$G$11:$G$19,0),MATCH(T$5,$H$10:$L$10,0)) -> 2 | AH14: =INDEX($H$11:$L$19,MATCH("CC",$G$11:$G$19,0),MATCH(AH$5,$H$10:$L$10,0)) -> 4 | AI14: =L13 -> 5 | AJ14: =AL14*$X$43 -> 16000 | AK14: =PRODUCT(AE14:AI14) -> 80 | AL14: =IF(AD14>Q12,AD14,Q12)*(AK14/$X$43) -> 5.12e-05
A15: SC | B15: GG | C15: BB | D15: GG | E15: GG | G15: EE | H15: =COUNTIF(A$1:A$899,$G15) -> 7 | I15: =COUNTIF(B$1:B$899,$G15) -> 7 | J15: =COUNTIF(C$1:C$899,$G15) -> 6 | K15: =COUNTIF(D$1:D$899,$G15) -> 8 | L15: =COUNTIF(E$1:E$899,$G15) -> 8 | O15: DD | P15: 5 | Q15: ='Game Description'!E18 -> 100 | R15: =INDEX($H$11:$L$19,MATCH($O15,$G$11:$G$18,0),MATCH(R$5,$H$10:$L$10,0))+H$19 -> 8 | S15: =INDEX($H$11:$L$19,MATCH($O15,$G$11:$G$18,0),MATCH(S$5,$H$10:$L$10,0))+I$19 -> 8 | T15: =INDEX($H$11:$L$19,MATCH($O15,$G$11:$G$18,0),MATCH(T$5,$H$10:$L$10,0))+J$19 -> 10 | U15: =INDEX($H$11:$L$19,MATCH($O15,$G$11:$G$18,0),MATCH(U$5,$H$10:$L$10,0))+K$19 -> 10 | V15: =INDEX($H$11:$L$19,MATCH($O15,$G$11:$G$18,0),MATCH(V$5,$H$10:$L$10,0))+L$19 -> 9 | W15: =X15*Q15 -> 5730400 | X15: =PRODUCT(R15:V15)-AK15-AK17-AK27 -> 57304 | Y15: =(X15/$X$43)*Q15 -> 0.01833728 | Z15: =SUM(Y12:Y14) -> 0.04281152 | AA15: WD | AB15: DD | AC15: 4 | AD15: ='Game Description'!$D$22 -> 400 | AE15: =INDEX($H$11:$L$19,MATCH($AA15,$G$11:$G$19,0),MATCH(R$5,$H$10:$L$10,0)) -> 1 | AF15: =INDEX($H$11:$L$19,MATCH($AA15,$G$11:$G$19,0),MATCH(S$5,$H$10:$L$10,0)) -> 2 | AG15: =INDEX($H$11:$L$19,MATCH($AA15,$G$11:$G$19,0),MATCH(T$5,$H$10:$L$10,0)) -> 2 | AH15: =INDEX($H$11:$L$19,MATCH($AA15,$G$11:$G$19,0),MATCH(U$5,$H$10:$L$10,0)) -> 2 | AI15: =INDEX($H$11:$L$19,MATCH("DD",$G$11:$G$19,0),MATCH(AI$5,$H$10:$L$10,0)) -> 7 | AJ15: =AL15*$X$43 -> 22400 | AK15: =PRODUCT(AE15:AI15) -> 56 | AL15: =IF(AD15>Q15,AD15,Q15)*(AK15/$X$43) -> 7.168e-05
A16: DD | B16: GG | C16: CC | D16: EE | E16: WD | G16: FF | H16: =COUNTIF(A$1:A$899,$G16) -> 10 | I16: =COUNTIF(B$1:B$899,$G16) -> 8 | J16: =COUNTIF(C$1:C$899,$G16) -> 10 | K16: =COUNTIF(D$1:D$899,$G16) -> 10 | L16: =COUNTIF(E$1:E$899,$G16) -> 10 | O16: DD | P16: 4 | Q16: ='Game Description'!D18 -> 20 | R16: =INDEX($H$11:$L$19,MATCH($O16,$G$11:$G$18,0),MATCH(R$5,$H$10:$L$10,0))+H$19 -> 8 | S16: =INDEX($H$11:$L$19,MATCH($O16,$G$11:$G$18,0),MATCH(S$5,$H$10:$L$10,0))+I$19 -> 8 | T16: =INDEX($H$11:$L$19,MATCH($O16,$G$11:$G$18,0),MATCH(T$5,$H$10:$L$10,0))+J$19 -> 10 | U16: =INDEX($H$11:$L$19,MATCH($O16,$G$11:$G$18,0),MATCH(U$5,$H$10:$L$10,0))+K$19 -> 10 | V16: =L$20-(L$19+INDEX($H$11:$L$19,MATCH($O16,$G$11:$G$17,0),MATCH(V$5,$H$10:$L$10,0))) -> 41 | W16: =X16*Q16 -> 5215200 | X16: =PRODUCT(R16:V16)-PRODUCT($H$19:$K$19)*$V16-$AK16 -> 260760 | Y16: =(X16/$X$43)*Q16 -> 0.01668864 | AA16: WD | AB16: DD | AC16: 3 | AD16: ='Game Description'!$C$22 -> 40 | AE16: =INDEX($H$11:$L$19,MATCH($AA16,$G$11:$G$19,0),MATCH(R$5,$H$10:$L$10,0)) -> 1 | AF16: =INDEX($H$11:$L$19,MATCH($AA16,$G$11:$G$19,0),MATCH(S$5,$H$10:$L$10,0)) -> 2 | AG16: =INDEX($H$11:$L$19,MATCH($AA16,$G$11:$G$19,0),MATCH(T$5,$H$10:$L$10,0)) -> 2 | AH16: =INDEX($H$11:$L$19,MATCH("DD",$G$11:$G$19,0),MATCH(AH$5,$H$10:$L$10,0)) -> 8 | AI16: =$L$20-L$19-L14 -> 41 | AJ16: =AL16*$X$43 -> 52480 | AK16: =PRODUCT(AE16:AI16) -> 1312 | AL16: =IF(AD16>Q16,AD16,Q16)*(AK16/$X$43) -> 0.000167936
A17: DD | B17: CC | C17: AA | D17: GG | E17: DD | G17: GG | H17: =COUNTIF(A$1:A$899,$G17) -> 10 | I17: =COUNTIF(B$1:B$899,$G17) -> 11 | J17: =COUNTIF(C$1:C$899,$G17) -> 9 | K17: =COUNTIF(D$1:D$899,$G17) -> 9 | L17: =COUNTIF(E$1:E$899,$G17) -> 8 | O17: DD | P17: 3 | Q17: ='Game Description'!C18 -> 5 | R17: =INDEX($H$11:$L$19,MATCH($O17,$G$11:$G$18,0),MATCH(R$5,$H$10:$L$10,0))+H$19 -> 8 | S17: =INDEX($H$11:$L$19,MATCH($O17,$G$11:$G$18,0),MATCH(S$5,$H$10:$L$10,0))+I$19 -> 8 | T17: =INDEX($H$11:$L$19,MATCH($O17,$G$11:$G$18,0),MATCH(T$5,$H$10:$L$10,0))+J$19 -> 10 | U17: =K$20-(K$19+INDEX($H$11:$L$19,MATCH($O17,$G$11:$G$18,0),MATCH(U$5,$H$10:$L$10,0))) -> 40 | V17: =$L$20 -> 50 | W17: =X17*Q17 -> 6360000 | X17: =PRODUCT(R17:V17)- PRODUCT($H$19:$J$19)*U17*V17 -> 1272000 | Y17: =(X17/$X$43)*Q17 -> 0.020352 | AA17: WD | AB17: DD | AC17: 3 | AD17: ='Game Description'!$C$22 -> 40 | AE17: =INDEX($H$11:$L$19,MATCH($AA17,$G$11:$G$19,0),MATCH(R$5,$H$10:$L$10,0)) -> 1 | AF17: =INDEX($H$11:$L$19,MATCH($AA17,$G$11:$G$19,0),MATCH(S$5,$H$10:$L$10,0)) -> 2 | AG17: =INDEX($H$11:$L$19,MATCH($AA17,$G$11:$G$19,0),MATCH(T$5,$H$10:$L$10,0)) -> 2 | AH17: =INDEX($H$11:$L$19,MATCH("DD",$G$11:$G$19,0),MATCH(AH$5,$H$10:$L$10,0)) -> 8 | AI17: =L14 -> 7 | AJ17: =AL17*$X$43 -> 22400 | AK17: =PRODUCT(AE17:AI17) -> 224 | AL17: =IF(AD17>Q15,AD17,Q15)*(AK17/$X$43) -> 7.168e-05
A18: AA | B18: DD | C18: BB | D18: FF | E18: AA | G18: SC | H18: =COUNTIF(A$1:A$899,$G18) -> 2 | I18: =COUNTIF(B$1:B$899,$G18) -> 2 | J18: =COUNTIF(C$1:C$899,$G18) -> 2 | K18: =COUNTIF(D$1:D$899,$G18) -> 2 | L18: =COUNTIF(E$1:E$899,$G18) -> 2 | O18: EE | P18: 5 | Q18: ='Game Description'!E19 -> 100 | R18: =INDEX($H$11:$L$19,MATCH($O18,$G$11:$G$18,0),MATCH(R$5,$H$10:$L$10,0))+H$19 -> 8 | S18: =INDEX($H$11:$L$19,MATCH($O18,$G$11:$G$18,0),MATCH(S$5,$H$10:$L$10,0))+I$19 -> 9 | T18: =INDEX($H$11:$L$19,MATCH($O18,$G$11:$G$18,0),MATCH(T$5,$H$10:$L$10,0))+J$19 -> 8 | U18: =INDEX($H$11:$L$19,MATCH($O18,$G$11:$G$18,0),MATCH(U$5,$H$10:$L$10,0))+K$19 -> 10 | V18: =INDEX($H$11:$L$19,MATCH($O18,$G$11:$G$18,0),MATCH(V$5,$H$10:$L$10,0))+L$19 -> 10 | W18: =X18*Q18 -> 5726400 | X18: =PRODUCT(R18:V18)-AK18-AK20-AK27 -> 57264 | Y18: =(X18/$X$43)*Q18 -> 0.01832448 | Z18: =SUM(Y15:Y17) -> 0.05537792 | AA18: WD | AB18: EE | AC18: 4 | AD18: ='Game Description'!$D$22 -> 400 | AE18: =INDEX($H$11:$L$19,MATCH($AA18,$G$11:$G$19,0),MATCH(R$5,$H$10:$L$10,0)) -> 1 | AF18: =INDEX($H$11:$L$19,MATCH($AA18,$G$11:$G$19,0),MATCH(S$5,$H$10:$L$10,0)) -> 2 | AG18: =INDEX($H$11:$L$19,MATCH($AA18,$G$11:$G$19,0),MATCH(T$5,$H$10:$L$10,0)) -> 2 | AH18: =INDEX($H$11:$L$19,MATCH($AA18,$G$11:$G$19,0),MATCH(U$5,$H$10:$L$10,0)) -> 2 | AI18: =INDEX($H$11:$L$19,MATCH("EE",$G$11:$G$19,0),MATCH(AI$5,$H$10:$L$10,0)) -> 8 | AJ18: =AL18*$X$43 -> 25600 | AK18: =PRODUCT(AE18:AI18) -> 64 | AL18: =IF(AD18>Q18,AD18,Q18)*(AK18/$X$43) -> 8.192e-05
A19: FF | B19: AA | C19: GG | D19: SC | E19: GG | G19: WD | H19: =COUNTIF(A$1:A$899,$G19) -> 1 | I19: =COUNTIF(B$1:B$899,$G19) -> 2 | J19: =COUNTIF(C$1:C$899,$G19) -> 2 | K19: =COUNTIF(D$1:D$899,$G19) -> 2 | L19: =COUNTIF(E$1:E$899,$G19) -> 2 | O19: EE | P19: 4 | Q19: ='Game Description'!D19 -> 20 | R19: =INDEX($H$11:$L$19,MATCH($O19,$G$11:$G$18,0),MATCH(R$5,$H$10:$L$10,0))+H$19 -> 8 | S19: =INDEX($H$11:$L$19,MATCH($O19,$G$11:$G$18,0),MATCH(S$5,$H$10:$L$10,0))+I$19 -> 9 | T19: =INDEX($H$11:$L$19,MATCH($O19,$G$11:$G$18,0),MATCH(T$5,$H$10:$L$10,0))+J$19 -> 8 | U19: =INDEX($H$11:$L$19,MATCH($O19,$G$11:$G$18,0),MATCH(U$5,$H$10:$L$10,0))+K$19 -> 10 | V19: =L$20-(L$19+INDEX($H$11:$L$19,MATCH($O19,$G$11:$G$17,0),MATCH(V$5,$H$10:$L$10,0))) -> 40 | W19: =X19*Q19 -> 4576000 | X19: =PRODUCT(R19:V19)-PRODUCT($H$19:$K$19)*$V19-$AK19 -> 228800 | Y19: =(X19/$X$43)*Q19 -> 0.0146432 | AA19: WD | AB19: EE | AC19: 3 | AD19: ='Game Description'!$C$22 -> 40 | AE19: =INDEX($H$11:$L$19,MATCH($AA19,$G$11:$G$19,0),MATCH(R$5,$H$10:$L$10,0)) -> 1 | AF19: =INDEX($H$11:$L$19,MATCH($AA19,$G$11:$G$19,0),MATCH(S$5,$H$10:$L$10,0)) -> 2 | AG19: =INDEX($H$11:$L$19,MATCH($AA19,$G$11:$G$19,0),MATCH(T$5,$H$10:$L$10,0)) -> 2 | AH19: =INDEX($H$11:$L$19,MATCH("EE",$G$11:$G$19,0),MATCH(AH$5,$H$10:$L$10,0)) -> 8 | AI19: =$L$20-L$19-L15 -> 40 | AJ19: =AL19*$X$43 -> 51200 | AK19: =PRODUCT(AE19:AI19) -> 1280 | AL19: =IF(AD19>Q19,AD19,Q19)*(AK19/$X$43) -> 0.00016384
A20: SC | B20: SC | C20: EE | D20: DD | E20: AA | G20: Total | H20: =SUM(H11:H19) -> 50 | I20: =SUM(I11:I19) -> 50 | J20: =SUM(J11:J19) -> 50 | K20: =SUM(K11:K19) -> 50 | L20: =SUM(L11:L19) -> 50 | O20: EE | P20: 3 | Q20: ='Game Description'!C19 -> 5 | R20: =INDEX($H$11:$L$19,MATCH($O20,$G$11:$G$18,0),MATCH(R$5,$H$10:$L$10,0))+H$19 -> 8 | S20: =INDEX($H$11:$L$19,MATCH($O20,$G$11:$G$18,0),MATCH(S$5,$H$10:$L$10,0))+I$19 -> 9 | T20: =INDEX($H$11:$L$19,MATCH($O20,$G$11:$G$18,0),MATCH(T$5,$H$10:$L$10,0))+J$19 -> 8 | U20: =K$20-(K$19+INDEX($H$11:$L$19,MATCH($O20,$G$11:$G$18,0),MATCH(U$5,$H$10:$L$10,0))) -> 40 | V20: =$L$20 -> 50 | W20: =X20*Q20 -> 5720000 | X20: =PRODUCT(R20:V20)- PRODUCT($H$19:$J$19)*U20*V20 -> 1144000 | Y20: =(X20/$X$43)*Q20 -> 0.018304 | AA20: WD | AB20: EE | AC20: 3 | AD20: ='Game Description'!$C$22 -> 40 | AE20: =INDEX($H$11:$L$19,MATCH($AA20,$G$11:$G$19,0),MATCH(R$5,$H$10:$L$10,0)) -> 1 | AF20: =INDEX($H$11:$L$19,MATCH($AA20,$G$11:$G$19,0),MATCH(S$5,$H$10:$L$10,0)) -> 2 | AG20: =INDEX($H$11:$L$19,MATCH($AA20,$G$11:$G$19,0),MATCH(T$5,$H$10:$L$10,0)) -> 2 | AH20: =INDEX($H$11:$L$19,MATCH("EE",$G$11:$G$19,0),MATCH(AH$5,$H$10:$L$10,0)) -> 8 | AI20: =L15 -> 8 | AJ20: =AL20*$X$43 -> 25600 | AK20: =PRODUCT(AE20:AI20) -> 256 | AL20: =IF(AD20>Q18,AD20,Q18)*(AK20/$X$43) -> 8.192e-05
A21: FF | B21: EE | C21: FF | D21: DD | E21: GG | O21: FF | P21: 5 | Q21: ='Game Description'!E20 -> 50 | R21: =INDEX($H$11:$L$19,MATCH($O21,$G$11:$G$18,0),MATCH(R$5,$H$10:$L$10,0))+H$19 -> 11 | S21: =INDEX($H$11:$L$19,MATCH($O21,$G$11:$G$18,0),MATCH(S$5,$H$10:$L$10,0))+I$19 -> 10 | T21: =INDEX($H$11:$L$19,MATCH($O21,$G$11:$G$18,0),MATCH(T$5,$H$10:$L$10,0))+J$19 -> 12 | U21: =INDEX($H$11:$L$19,MATCH($O21,$G$11:$G$18,0),MATCH(U$5,$H$10:$L$10,0))+K$19 -> 12 | V21: =INDEX($H$11:$L$19,MATCH($O21,$G$11:$G$18,0),MATCH(V$5,$H$10:$L$10,0))+L$19 -> 12 | W21: =X21*Q21 -> 9479200 | X21: =PRODUCT(R21:V21)-AK21-AK23-AK27 -> 189584 | Y21: =(X21/$X$43)*Q21 -> 0.03033344 | Z21: =SUM(Y18:Y20) -> 0.05127168 | AA21: WD | AB21: FF | AC21: 4 | AD21: ='Game Description'!$D$22 -> 400 | AE21: =INDEX($H$11:$L$19,MATCH($AA21,$G$11:$G$19,0),MATCH(R$5,$H$10:$L$10,0)) -> 1 | AF21: =INDEX($H$11:$L$19,MATCH($AA21,$G$11:$G$19,0),MATCH(S$5,$H$10:$L$10,0)) -> 2 | AG21: =INDEX($H$11:$L$19,MATCH($AA21,$G$11:$G$19,0),MATCH(T$5,$H$10:$L$10,0)) -> 2 | AH21: =INDEX($H$11:$L$19,MATCH($AA21,$G$11:$G$19,0),MATCH(U$5,$H$10:$L$10,0)) -> 2 | AI21: =INDEX($H$11:$L$19,MATCH("FF",$G$11:$G$19,0),MATCH(AI$5,$H$10:$L$10,0)) -> 10 | AJ21: =AL21*$X$43 -> 32000 | AK21: =PRODUCT(AE21:AI21) -> 80 | AL21: =IF(AD21>Q21,AD21,Q21)*(AK21/$X$43) -> 0.0001024
A22: CC | B22: CC | C22: BB | D22: DD | E22: GG | O22: FF | P22: 4 | Q22: ='Game Description'!D20 -> 10 | R22: =INDEX($H$11:$L$19,MATCH($O22,$G$11:$G$18,0),MATCH(R$5,$H$10:$L$10,0))+H$19 -> 11 | S22: =INDEX($H$11:$L$19,MATCH($O22,$G$11:$G$18,0),MATCH(S$5,$H$10:$L$10,0))+I$19 -> 10 | T22: =INDEX($H$11:$L$19,MATCH($O22,$G$11:$G$18,0),MATCH(T$5,$H$10:$L$10,0))+J$19 -> 12 | U22: =INDEX($H$11:$L$19,MATCH($O22,$G$11:$G$18,0),MATCH(U$5,$H$10:$L$10,0))+K$19 -> 12 | V22: =L$20-(L$19+INDEX($H$11:$L$19,MATCH($O22,$G$11:$G$17,0),MATCH(V$5,$H$10:$L$10,0))) -> 38 | W22: =X22*Q22 -> 6000960 | X22: =PRODUCT(R22:V22)-PRODUCT($H$19:$K$19)*$V22-$AK22 -> 600096 | Y22: =(X22/$X$43)*Q22 -> 0.019203072 | AA22: WD | AB22: FF | AC22: 3 | AD22: ='Game Description'!$C$22 -> 40 | AE22: =INDEX($H$11:$L$19,MATCH($AA22,$G$11:$G$19,0),MATCH(R$5,$H$10:$L$10,0)) -> 1 | AF22: =INDEX($H$11:$L$19,MATCH($AA22,$G$11:$G$19,0),MATCH(S$5,$H$10:$L$10,0)) -> 2 | AG22: =INDEX($H$11:$L$19,MATCH($AA22,$G$11:$G$19,0),MATCH(T$5,$H$10:$L$10,0)) -> 2 | AH22: =INDEX($H$11:$L$19,MATCH("FF",$G$11:$G$19,0),MATCH(AH$5,$H$10:$L$10,0)) -> 10 | AI22: =$L$20-L$19-L16 -> 38 | AJ22: =AL22*$X$43 -> 60800 | AK22: =PRODUCT(AE22:AI22) -> 1520 | AL22: =IF(AD22>Q22,AD22,Q22)*(AK22/$X$43) -> 0.00019456
A23: AA | B23: GG | C23: SC | D23: AA | E23: SC | O23: FF | P23: 3 | Q23: ='Game Description'!C20 -> 1 | R23: =INDEX($H$11:$L$19,MATCH($O23,$G$11:$G$18,0),MATCH(R$5,$H$10:$L$10,0))+H$19 -> 11 | S23: =INDEX($H$11:$L$19,MATCH($O23,$G$11:$G$18,0),MATCH(S$5,$H$10:$L$10,0))+I$19 -> 10 | T23: =INDEX($H$11:$L$19,MATCH($O23,$G$11:$G$18,0),MATCH(T$5,$H$10:$L$10,0))+J$19 -> 12 | U23: =K$20-(K$19+INDEX($H$11:$L$19,MATCH($O23,$G$11:$G$18,0),MATCH(U$5,$H$10:$L$10,0))) -> 38 | V23: =$L$20 -> 50 | W23: =X23*Q23 -> 2500400 | X23: =PRODUCT(R23:V23)- PRODUCT($H$19:$J$19)*U23*V23 -> 2500400 | Y23: =(X23/$X$43)*Q23 -> 0.00800128 | AA23: WD | AB23: FF | AC23: 3 | AD23: ='Game Description'!$C$22 -> 40 | AE23: =INDEX($H$11:$L$19,MATCH($AA23,$G$11:$G$19,0),MATCH(R$5,$H$10:$L$10,0)) -> 1 | AF23: =INDEX($H$11:$L$19,MATCH($AA23,$G$11:$G$19,0),MATCH(S$5,$H$10:$L$10,0)) -> 2 | AG23: =INDEX($H$11:$L$19,MATCH($AA23,$G$11:$G$19,0),MATCH(T$5,$H$10:$L$10,0)) -> 2 | AH23: =INDEX($H$11:$L$19,MATCH("FF",$G$11:$G$19,0),MATCH(AH$5,$H$10:$L$10,0)) -> 10 | AI23: =L16 -> 10 | AJ23: =AL23*$X$43 -> 20000 | AK23: =PRODUCT(AE23:AI23) -> 400 | AL23: =IF(AD23>Q21,AD23,Q21)*(AK23/$X$43) -> 6.4e-05
A24: EE | B24: FF | C24: GG | D24: BB | E24: DD | O24: GG | P24: 5 | Q24: ='Game Description'!E21 -> 50 | R24: =INDEX($H$11:$L$19,MATCH($O24,$G$11:$G$18,0),MATCH(R$5,$H$10:$L$10,0))+H$19 -> 11 | S24: =INDEX($H$11:$L$19,MATCH($O24,$G$11:$G$18,0),MATCH(S$5,$H$10:$L$10,0))+I$19 -> 13 | T24: =INDEX($H$11:$L$19,MATCH($O24,$G$11:$G$18,0),MATCH(T$5,$H$10:$L$10,0))+J$19 -> 11 | U24: =INDEX($H$11:$L$19,MATCH($O24,$G$11:$G$18,0),MATCH(U$5,$H$10:$L$10,0))+K$19 -> 11 | V24: =INDEX($H$11:$L$19,MATCH($O24,$G$11:$G$18,0),MATCH(V$5,$H$10:$L$10,0))+L$19 -> 10 | W24: =X24*Q24 -> 8633100 | X24: =PRODUCT(R24:V24)-AK24-AK26-AK27 -> 172662 | Y24: =(X24/$X$43)*Q24 -> 0.02762592 | Z24: =SUM(Y21:Y23) -> 0.057537792 | AA24: WD | AB24: GG | AC24: 4 | AD24: ='Game Description'!$D$22 -> 400 | AE24: =INDEX($H$11:$L$19,MATCH($AA24,$G$11:$G$19,0),MATCH(R$5,$H$10:$L$10,0)) -> 1 | AF24: =INDEX($H$11:$L$19,MATCH($AA24,$G$11:$G$19,0),MATCH(S$5,$H$10:$L$10,0)) -> 2 | AG24: =INDEX($H$11:$L$19,MATCH($AA24,$G$11:$G$19,0),MATCH(T$5,$H$10:$L$10,0)) -> 2 | AH24: =INDEX($H$11:$L$19,MATCH($AA24,$G$11:$G$19,0),MATCH(U$5,$H$10:$L$10,0)) -> 2 | AI24: =INDEX($H$11:$L$19,MATCH("GG",$G$11:$G$19,0),MATCH(AI$5,$H$10:$L$10,0)) -> 8 | AJ24: =AL24*$X$43 -> 25600 | AK24: =PRODUCT(AE24:AI24) -> 64 | AL24: =IF(AD24>Q24,AD24,Q24)*(AK24/$X$43) -> 8.192e-05
A25: CC | B25: FF | C25: FF | D25: FF | E25: DD | O25: GG | P25: 4 | Q25: ='Game Description'!D21 -> 10 | R25: =INDEX($H$11:$L$19,MATCH($O25,$G$11:$G$18,0),MATCH(R$5,$H$10:$L$10,0))+H$19 -> 11 | S25: =INDEX($H$11:$L$19,MATCH($O25,$G$11:$G$18,0),MATCH(S$5,$H$10:$L$10,0))+I$19 -> 13 | T25: =INDEX($H$11:$L$19,MATCH($O25,$G$11:$G$18,0),MATCH(T$5,$H$10:$L$10,0))+J$19 -> 11 | U25: =INDEX($H$11:$L$19,MATCH($O25,$G$11:$G$18,0),MATCH(U$5,$H$10:$L$10,0))+K$19 -> 11 | V25: =L$20-(L$19+INDEX($H$11:$L$19,MATCH($O25,$G$11:$G$17,0),MATCH(V$5,$H$10:$L$10,0))) -> 40 | W25: =X25*Q25 -> 6903600 | X25: =PRODUCT(R25:V25)-PRODUCT($H$19:$K$19)*$V25-$AK25 -> 690360 | Y25: =(X25/$X$43)*Q25 -> 0.02209152 | AA25: WD | AB25: GG | AC25: 3 | AD25: ='Game Description'!$C$22 -> 40 | AE25: =INDEX($H$11:$L$19,MATCH($AA25,$G$11:$G$19,0),MATCH(R$5,$H$10:$L$10,0)) -> 1 | AF25: =INDEX($H$11:$L$19,MATCH($AA25,$G$11:$G$19,0),MATCH(S$5,$H$10:$L$10,0)) -> 2 | AG25: =INDEX($H$11:$L$19,MATCH($AA25,$G$11:$G$19,0),MATCH(T$5,$H$10:$L$10,0)) -> 2 | AH25: =INDEX($H$11:$L$19,MATCH("GG",$G$11:$G$19,0),MATCH(AH$5,$H$10:$L$10,0)) -> 9 | AI25: =L20-L19-L17 -> 40 | AJ25: =AL25*$X$43 -> 57600 | AK25: =PRODUCT(AE25:AI25) -> 1440 | AL25: =IF(AD25>Q25,AD25,Q25)*(AK25/$X$43) -> 0.00018432
A26: FF | B26: BB | C26: WD | D26: FF | E26: DD | O26: GG | P26: 3 | Q26: ='Game Description'!C21 -> 1 | R26: =INDEX($H$11:$L$19,MATCH($O26,$G$11:$G$18,0),MATCH(R$5,$H$10:$L$10,0))+H$19 -> 11 | S26: =INDEX($H$11:$L$19,MATCH($O26,$G$11:$G$18,0),MATCH(S$5,$H$10:$L$10,0))+I$19 -> 13 | T26: =INDEX($H$11:$L$19,MATCH($O26,$G$11:$G$18,0),MATCH(T$5,$H$10:$L$10,0))+J$19 -> 11 | U26: =K$20-(K$19+INDEX($H$11:$L$19,MATCH($O26,$G$11:$G$18,0),MATCH(U$5,$H$10:$L$10,0))) -> 39 | V26: =$L$20 -> 50 | W26: =X26*Q26 -> 3059550 | X26: =PRODUCT(R26:V26)- PRODUCT($H$19:$J$19)*U26*V26 -> 3059550 | Y26: =(X26/$X$43)*Q26 -> 0.00979056 | AA26: WD | AB26: GG | AC26: 3 | AD26: ='Game Description'!$C$22 -> 40 | AE26: =INDEX($H$11:$L$19,MATCH($AA26,$G$11:$G$19,0),MATCH(R$5,$H$10:$L$10,0)) -> 1 | AF26: =INDEX($H$11:$L$19,MATCH($AA26,$G$11:$G$19,0),MATCH(S$5,$H$10:$L$10,0)) -> 2 | AG26: =INDEX($H$11:$L$19,MATCH($AA26,$G$11:$G$19,0),MATCH(T$5,$H$10:$L$10,0)) -> 2 | AH26: =INDEX($H$11:$L$19,MATCH("GG",$G$11:$G$19,0),MATCH(AH$5,$H$10:$L$10,0)) -> 9 | AI26: =L17 -> 8 | AJ26: =AL26*$X$43 -> 14400 | AK26: =PRODUCT(AE26:AI26) -> 288 | AL26: =IF(AD26>Q24,AD26,Q24)*(AK26/$X$43) -> 4.608e-05
A27: FF | B27: CC | C27: FF | D27: FF | E27: FF | O27: SC | P27: 5 | Q27: ='Game Description'!E23 -> 500 | R27: =IF(G36=$O27,3*INDEX($H$11:$L$19,MATCH($O27,$G$11:$G$18,0),MATCH(R$5,$H$10:$L$10,0)),H$20-3*INDEX($H$11:$L$19,MATCH($O27,$G$11:$G$18,0),MATCH(R$5,$H$10:$L$10,0))) -> 6 | S27: =IF(H36=$O27,3*INDEX($H$11:$L$19,MATCH($O27,$G$11:$G$18,0),MATCH(S$5,$H$10:$L$10,0)),I$20-3*INDEX($H$11:$L$19,MATCH($O27,$G$11:$G$18,0),MATCH(S$5,$H$10:$L$10,0))) -> 6 | T27: =IF(I36=$O27,3*INDEX($H$11:$L$19,MATCH($O27,$G$11:$G$18,0),MATCH(T$5,$H$10:$L$10,0)),J$20-3*INDEX($H$11:$L$19,MATCH($O27,$G$11:$G$18,0),MATCH(T$5,$H$10:$L$10,0))) -> 6 | U27: =IF(J36=$O27,3*INDEX($H$11:$L$19,MATCH($O27,$G$11:$G$18,0),MATCH(U$5,$H$10:$L$10,0)),K$20-3*INDEX($H$11:$L$19,MATCH($O27,$G$11:$G$18,0),MATCH(U$5,$H$10:$L$10,0))) -> 6 | V27: =IF(K36=$O27,3*INDEX($H$11:$L$19,MATCH($O27,$G$11:$G$18,0),MATCH(V$5,$H$10:$L$10,0)),L$20-3*INDEX($H$11:$L$19,MATCH($O27,$G$11:$G$18,0),MATCH(V$5,$H$10:$L$10,0))) -> 6 | W27: =X27*Q27 -> 3888000 | X27: =PRODUCT(R27:V27) -> 7776 | Y27: =(X27/$X$43)*Q27 -> 0.0124416 | Z27: =SUM(Y24:Y26) -> 0.059508 | AE27: =H19 -> 1 | AF27: =I19 -> 2 | AG27: =J19 -> 2 | AH27: =K19 -> 2 | AI27: =L19 -> 2 | AJ27: =AL27*$X$43 -> 16000 | AK27: =PRODUCT(AE27:AI27) -> 16 | AL27: =AK27/X43*'Game Description'!E22 -> 5.12e-05
A28: GG | B28: GG | C28: FF | D28: WD | E28: FF | O28: SC | P28: 4 | Q28: ='Game Description'!$D$23 -> 50 | R28: =IF(G37=$O28,3*INDEX($H$11:$L$19,MATCH($O28,$G$11:$G$18,0),MATCH(R$5,$H$10:$L$10,0)),H$20-3*INDEX($H$11:$L$19,MATCH($O28,$G$11:$G$18,0),MATCH(R$5,$H$10:$L$10,0))) -> 6 | S28: =IF(H37=$O28,3*INDEX($H$11:$L$19,MATCH($O28,$G$11:$G$18,0),MATCH(S$5,$H$10:$L$10,0)),I$20-3*INDEX($H$11:$L$19,MATCH($O28,$G$11:$G$18,0),MATCH(S$5,$H$10:$L$10,0))) -> 6 | T28: =IF(I37=$O28,3*INDEX($H$11:$L$19,MATCH($O28,$G$11:$G$18,0),MATCH(T$5,$H$10:$L$10,0)),J$20-3*INDEX($H$11:$L$19,MATCH($O28,$G$11:$G$18,0),MATCH(T$5,$H$10:$L$10,0))) -> 6 | U28: =IF(J37=$O28,3*INDEX($H$11:$L$19,MATCH($O28,$G$11:$G$18,0),MATCH(U$5,$H$10:$L$10,0)),K$20-3*INDEX($H$11:$L$19,MATCH($O28,$G$11:$G$18,0),MATCH(U$5,$H$10:$L$10,0))) -> 6 | V28: =IF(K37=$O28,3*INDEX($H$11:$L$19,MATCH($O28,$G$11:$G$18,0),MATCH(V$5,$H$10:$L$10,0)),L$20-3*INDEX($H$11:$L$19,MATCH($O28,$G$11:$G$18,0),MATCH(V$5,$H$10:$L$10,0))) -> 44 | W28: =X28*Q28 -> 2851200 | X28: =PRODUCT(R28:V28) -> 57024 | Y28: =(X28/$X$43)*Q28 -> 0.00912384 | Z28: =SUM(Z9:Z27) -> 0.38307907 | AJ28: =AL28*$X$43 -> 6400 | AK28: =PRODUCT($H$19:$K$19)*L18 -> 16 | AL28: =(AK28/$X$43)*'Game Description'!$D$22 -> 2.048e-05
A29: FF | B29: GG | C29: FF | D29: AA | E29: FF | O29: SC | P29: 4 | Q29: ='Game Description'!$D$23 -> 50 | R29: =IF(G38=$O29,3*INDEX($H$11:$L$19,MATCH($O29,$G$11:$G$18,0),MATCH(R$5,$H$10:$L$10,0)),H$20-3*INDEX($H$11:$L$19,MATCH($O29,$G$11:$G$18,0),MATCH(R$5,$H$10:$L$10,0))) -> 6 | S29: =IF(H38=$O29,3*INDEX($H$11:$L$19,MATCH($O29,$G$11:$G$18,0),MATCH(S$5,$H$10:$L$10,0)),I$20-3*INDEX($H$11:$L$19,MATCH($O29,$G$11:$G$18,0),MATCH(S$5,$H$10:$L$10,0))) -> 6 | T29: =IF(I38=$O29,3*INDEX($H$11:$L$19,MATCH($O29,$G$11:$G$18,0),MATCH(T$5,$H$10:$L$10,0)),J$20-3*INDEX($H$11:$L$19,MATCH($O29,$G$11:$G$18,0),MATCH(T$5,$H$10:$L$10,0))) -> 6 | U29: =IF(J38=$O29,3*INDEX($H$11:$L$19,MATCH($O29,$G$11:$G$18,0),MATCH(U$5,$H$10:$L$10,0)),K$20-3*INDEX($H$11:$L$19,MATCH($O29,$G$11:$G$18,0),MATCH(U$5,$H$10:$L$10,0))) -> 44 | V29: =IF(K38=$O29,3*INDEX($H$11:$L$19,MATCH($O29,$G$11:$G$18,0),MATCH(V$5,$H$10:$L$10,0)),L$20-3*INDEX($H$11:$L$19,MATCH($O29,$G$11:$G$18,0),MATCH(V$5,$H$10:$L$10,0))) -> 6 | W29: =X29*Q29 -> 2851200 | X29: =PRODUCT(R29:V29) -> 57024 | Y29: =(X29/$X$43)*Q29 -> 0.00912384 | AJ29: =AL29*$X$43 -> 16000 | AK29: =PRODUCT($H$19:$J$19)*K18*$L$20 -> 400 | AL29: =(AK29/$X$43)*'Game Description'!$C$22 -> 5.12e-05
A30: DD | B30: GG | C30: EE | D30: FF | E30: GG | O30: SC | P30: 4 | Q30: ='Game Description'!$D$23 -> 50 | R30: =IF(G39=$O30,3*INDEX($H$11:$L$19,MATCH($O30,$G$11:$G$18,0),MATCH(R$5,$H$10:$L$10,0)),H$20-3*INDEX($H$11:$L$19,MATCH($O30,$G$11:$G$18,0),MATCH(R$5,$H$10:$L$10,0))) -> 6 | S30: =IF(H39=$O30,3*INDEX($H$11:$L$19,MATCH($O30,$G$11:$G$18,0),MATCH(S$5,$H$10:$L$10,0)),I$20-3*INDEX($H$11:$L$19,MATCH($O30,$G$11:$G$18,0),MATCH(S$5,$H$10:$L$10,0))) -> 6 | T30: =IF(I39=$O30,3*INDEX($H$11:$L$19,MATCH($O30,$G$11:$G$18,0),MATCH(T$5,$H$10:$L$10,0)),J$20-3*INDEX($H$11:$L$19,MATCH($O30,$G$11:$G$18,0),MATCH(T$5,$H$10:$L$10,0))) -> 44 | U30: =IF(J39=$O30,3*INDEX($H$11:$L$19,MATCH($O30,$G$11:$G$18,0),MATCH(U$5,$H$10:$L$10,0)),K$20-3*INDEX($H$11:$L$19,MATCH($O30,$G$11:$G$18,0),MATCH(U$5,$H$10:$L$10,0))) -> 6 | V30: =IF(K39=$O30,3*INDEX($H$11:$L$19,MATCH($O30,$G$11:$G$18,0),MATCH(V$5,$H$10:$L$10,0)),L$20-3*INDEX($H$11:$L$19,MATCH($O30,$G$11:$G$18,0),MATCH(V$5,$H$10:$L$10,0))) -> 6 | W30: =X30*Q30 -> 2851200 | X30: =PRODUCT(R30:V30) -> 57024 | Y30: =(X30/$X$43)*Q30 -> 0.00912384 | AJ30: =SUM(AJ6:AJ29) -> 720480 | AK30: =SUM(AK6:AK27) -> 9216 | AL30: =SUM(AL6:AL29) -> 0.002305536
A31: GG | B31: DD | C31: AA | D31: EE | E31: FF | O31: SC | P31: 4 | Q31: ='Game Description'!$D$23 -> 50 | R31: =IF(G40=$O31,3*INDEX($H$11:$L$19,MATCH($O31,$G$11:$G$18,0),MATCH(R$5,$H$10:$L$10,0)),H$20-3*INDEX($H$11:$L$19,MATCH($O31,$G$11:$G$18,0),MATCH(R$5,$H$10:$L$10,0))) -> 6 | S31: =IF(H40=$O31,3*INDEX($H$11:$L$19,MATCH($O31,$G$11:$G$18,0),MATCH(S$5,$H$10:$L$10,0)),I$20-3*INDEX($H$11:$L$19,MATCH($O31,$G$11:$G$18,0),MATCH(S$5,$H$10:$L$10,0))) -> 44 | T31: =IF(I40=$O31,3*INDEX($H$11:$L$19,MATCH($O31,$G$11:$G$18,0),MATCH(T$5,$H$10:$L$10,0)),J$20-3*INDEX($H$11:$L$19,MATCH($O31,$G$11:$G$18,0),MATCH(T$5,$H$10:$L$10,0))) -> 6 | U31: =IF(J40=$O31,3*INDEX($H$11:$L$19,MATCH($O31,$G$11:$G$18,0),MATCH(U$5,$H$10:$L$10,0)),K$20-3*INDEX($H$11:$L$19,MATCH($O31,$G$11:$G$18,0),MATCH(U$5,$H$10:$L$10,0))) -> 6 | V31: =IF(K40=$O31,3*INDEX($H$11:$L$19,MATCH($O31,$G$11:$G$18,0),MATCH(V$5,$H$10:$L$10,0)),L$20-3*INDEX($H$11:$L$19,MATCH($O31,$G$11:$G$18,0),MATCH(V$5,$H$10:$L$10,0))) -> 6 | W31: =X31*Q31 -> 2851200 | X31: =PRODUCT(R31:V31) -> 57024 | Y31: =(X31/$X$43)*Q31 -> 0.00912384
A32: DD | B32: CC | C32: EE | D32: DD | E32: WD | O32: SC | P32: 4 | Q32: ='Game Description'!$D$23 -> 50 | R32: =IF(G41=$O32,3*INDEX($H$11:$L$19,MATCH($O32,$G$11:$G$18,0),MATCH(R$5,$H$10:$L$10,0)),H$20-3*INDEX($H$11:$L$19,MATCH($O32,$G$11:$G$18,0),MATCH(R$5,$H$10:$L$10,0))) -> 44 | S32: =IF(H41=$O32,3*INDEX($H$11:$L$19,MATCH($O32,$G$11:$G$18,0),MATCH(S$5,$H$10:$L$10,0)),I$20-3*INDEX($H$11:$L$19,MATCH($O32,$G$11:$G$18,0),MATCH(S$5,$H$10:$L$10,0))) -> 6 | T32: =IF(I41=$O32,3*INDEX($H$11:$L$19,MATCH($O32,$G$11:$G$18,0),MATCH(T$5,$H$10:$L$10,0)),J$20-3*INDEX($H$11:$L$19,MATCH($O32,$G$11:$G$18,0),MATCH(T$5,$H$10:$L$10,0))) -> 6 | U32: =IF(J41=$O32,3*INDEX($H$11:$L$19,MATCH($O32,$G$11:$G$18,0),MATCH(U$5,$H$10:$L$10,0)),K$20-3*INDEX($H$11:$L$19,MATCH($O32,$G$11:$G$18,0),MATCH(U$5,$H$10:$L$10,0))) -> 6 | V32: =IF(K41=$O32,3*INDEX($H$11:$L$19,MATCH($O32,$G$11:$G$18,0),MATCH(V$5,$H$10:$L$10,0)),L$20-3*INDEX($H$11:$L$19,MATCH($O32,$G$11:$G$18,0),MATCH(V$5,$H$10:$L$10,0))) -> 6 | W32: =X32*Q32 -> 2851200 | X32: =PRODUCT(R32:V32) -> 57024 | Y32: =(X32/$X$43)*Q32 -> 0.00912384
A33: CC | B33: EE | C33: DD | D33: FF | E33: GG | O33: SC | P33: 3 | Q33: ='Game Description'!$C$23 -> 10 | R33: =IF(G42=$O33,3*INDEX($H$11:$L$19,MATCH($O33,$G$11:$G$18,0),MATCH(R$5,$H$10:$L$10,0)),H$20-3*INDEX($H$11:$L$19,MATCH($O33,$G$11:$G$18,0),MATCH(R$5,$H$10:$L$10,0))) -> 44 | S33: =IF(H42=$O33,3*INDEX($H$11:$L$19,MATCH($O33,$G$11:$G$18,0),MATCH(S$5,$H$10:$L$10,0)),I$20-3*INDEX($H$11:$L$19,MATCH($O33,$G$11:$G$18,0),MATCH(S$5,$H$10:$L$10,0))) -> 6 | T33: =IF(I42=$O33,3*INDEX($H$11:$L$19,MATCH($O33,$G$11:$G$18,0),MATCH(T$5,$H$10:$L$10,0)),J$20-3*INDEX($H$11:$L$19,MATCH($O33,$G$11:$G$18,0),MATCH(T$5,$H$10:$L$10,0))) -> 6 | U33: =IF(J42=$O33,3*INDEX($H$11:$L$19,MATCH($O33,$G$11:$G$18,0),MATCH(U$5,$H$10:$L$10,0)),K$20-3*INDEX($H$11:$L$19,MATCH($O33,$G$11:$G$18,0),MATCH(U$5,$H$10:$L$10,0))) -> 6 | V33: =IF(K42=$O33,3*INDEX($H$11:$L$19,MATCH($O33,$G$11:$G$18,0),MATCH(V$5,$H$10:$L$10,0)),L$20-3*INDEX($H$11:$L$19,MATCH($O33,$G$11:$G$18,0),MATCH(V$5,$H$10:$L$10,0))) -> 44 | W33: =X33*Q33 -> 4181760 | X33: =PRODUCT(R33:V33) -> 418176 | Y33: =(X33/$X$43)*Q33 -> 0.013381632
A34: EE | B34: FF | C34: DD | D34: GG | E34: EE | O34: SC | P34: 3 | Q34: ='Game Description'!$C$23 -> 10 | R34: =IF(G43=$O34,3*INDEX($H$11:$L$19,MATCH($O34,$G$11:$G$18,0),MATCH(R$5,$H$10:$L$10,0)),H$20-3*INDEX($H$11:$L$19,MATCH($O34,$G$11:$G$18,0),MATCH(R$5,$H$10:$L$10,0))) -> 6 | S34: =IF(H43=$O34,3*INDEX($H$11:$L$19,MATCH($O34,$G$11:$G$18,0),MATCH(S$5,$H$10:$L$10,0)),I$20-3*INDEX($H$11:$L$19,MATCH($O34,$G$11:$G$18,0),MATCH(S$5,$H$10:$L$10,0))) -> 44 | T34: =IF(I43=$O34,3*INDEX($H$11:$L$19,MATCH($O34,$G$11:$G$18,0),MATCH(T$5,$H$10:$L$10,0)),J$20-3*INDEX($H$11:$L$19,MATCH($O34,$G$11:$G$18,0),MATCH(T$5,$H$10:$L$10,0))) -> 6 | U34: =IF(J43=$O34,3*INDEX($H$11:$L$19,MATCH($O34,$G$11:$G$18,0),MATCH(U$5,$H$10:$L$10,0)),K$20-3*INDEX($H$11:$L$19,MATCH($O34,$G$11:$G$18,0),MATCH(U$5,$H$10:$L$10,0))) -> 6 | V34: =IF(K43=$O34,3*INDEX($H$11:$L$19,MATCH($O34,$G$11:$G$18,0),MATCH(V$5,$H$10:$L$10,0)),L$20-3*INDEX($H$11:$L$19,MATCH($O34,$G$11:$G$18,0),MATCH(V$5,$H$10:$L$10,0))) -> 44 | W34: =X34*Q34 -> 4181760 | X34: =PRODUCT(R34:V34) -> 418176 | Y34: =(X34/$X$43)*Q34 -> 0.013381632
A35: DD | B35: EE | C35: DD | D35: AA | E35: EE | G35: SC Combination | O35: SC | P35: 3 | Q35: ='Game Description'!$C$23 -> 10 | R35: =IF(G44=$O35,3*INDEX($H$11:$L$19,MATCH($O35,$G$11:$G$18,0),MATCH(R$5,$H$10:$L$10,0)),H$20-3*INDEX($H$11:$L$19,MATCH($O35,$G$11:$G$18,0),MATCH(R$5,$H$10:$L$10,0))) -> 44 | S35: =IF(H44=$O35,3*INDEX($H$11:$L$19,MATCH($O35,$G$11:$G$18,0),MATCH(S$5,$H$10:$L$10,0)),I$20-3*INDEX($H$11:$L$19,MATCH($O35,$G$11:$G$18,0),MATCH(S$5,$H$10:$L$10,0))) -> 6 | T35: =IF(I44=$O35,3*INDEX($H$11:$L$19,MATCH($O35,$G$11:$G$18,0),MATCH(T$5,$H$10:$L$10,0)),J$20-3*INDEX($H$11:$L$19,MATCH($O35,$G$11:$G$18,0),MATCH(T$5,$H$10:$L$10,0))) -> 44 | U35: =IF(J44=$O35,3*INDEX($H$11:$L$19,MATCH($O35,$G$11:$G$18,0),MATCH(U$5,$H$10:$L$10,0)),K$20-3*INDEX($H$11:$L$19,MATCH($O35,$G$11:$G$18,0),MATCH(U$5,$H$10:$L$10,0))) -> 6 | V35: =IF(K44=$O35,3*INDEX($H$11:$L$19,MATCH($O35,$G$11:$G$18,0),MATCH(V$5,$H$10:$L$10,0)),L$20-3*INDEX($H$11:$L$19,MATCH($O35,$G$11:$G$18,0),MATCH(V$5,$H$10:$L$10,0))) -> 6 | W35: =X35*Q35 -> 4181760 | X35: =PRODUCT(R35:V35) -> 418176 | Y35: =(X35/$X$43)*Q35 -> 0.013381632
A36: EE | B36: GG | C36: GG | D36: EE | E36: GG | G36: SC | H36: SC | I36: SC | J36: SC | K36: SC | O36: SC | P36: 3 | Q36: ='Game Description'!$C$23 -> 10 | R36: =IF(G45=$O36,3*INDEX($H$11:$L$19,MATCH($O36,$G$11:$G$18,0),MATCH(R$5,$H$10:$L$10,0)),H$20-3*INDEX($H$11:$L$19,MATCH($O36,$G$11:$G$18,0),MATCH(R$5,$H$10:$L$10,0))) -> 6 | S36: =IF(H45=$O36,3*INDEX($H$11:$L$19,MATCH($O36,$G$11:$G$18,0),MATCH(S$5,$H$10:$L$10,0)),I$20-3*INDEX($H$11:$L$19,MATCH($O36,$G$11:$G$18,0),MATCH(S$5,$H$10:$L$10,0))) -> 44 | T36: =IF(I45=$O36,3*INDEX($H$11:$L$19,MATCH($O36,$G$11:$G$18,0),MATCH(T$5,$H$10:$L$10,0)),J$20-3*INDEX($H$11:$L$19,MATCH($O36,$G$11:$G$18,0),MATCH(T$5,$H$10:$L$10,0))) -> 6 | U36: =IF(J45=$O36,3*INDEX($H$11:$L$19,MATCH($O36,$G$11:$G$18,0),MATCH(U$5,$H$10:$L$10,0)),K$20-3*INDEX($H$11:$L$19,MATCH($O36,$G$11:$G$18,0),MATCH(U$5,$H$10:$L$10,0))) -> 44 | V36: =IF(K45=$O36,3*INDEX($H$11:$L$19,MATCH($O36,$G$11:$G$18,0),MATCH(V$5,$H$10:$L$10,0)),L$20-3*INDEX($H$11:$L$19,MATCH($O36,$G$11:$G$18,0),MATCH(V$5,$H$10:$L$10,0))) -> 6 | W36: =X36*Q36 -> 4181760 | X36: =PRODUCT(R36:V36) -> 418176 | Y36: =(X36/$X$43)*Q36 -> 0.013381632
A37: GG | B37: WD | C37: GG | D37: FF | E37: EE | G37: SC | H37: SC | I37: SC | J37: SC | K37: -- | O37: SC | P37: 3 | Q37: ='Game Description'!$C$23 -> 10 | R37: =IF(G46=$O37,3*INDEX($H$11:$L$19,MATCH($O37,$G$11:$G$18,0),MATCH(R$5,$H$10:$L$10,0)),H$20-3*INDEX($H$11:$L$19,MATCH($O37,$G$11:$G$18,0),MATCH(R$5,$H$10:$L$10,0))) -> 6 | S37: =IF(H46=$O37,3*INDEX($H$11:$L$19,MATCH($O37,$G$11:$G$18,0),MATCH(S$5,$H$10:$L$10,0)),I$20-3*INDEX($H$11:$L$19,MATCH($O37,$G$11:$G$18,0),MATCH(S$5,$H$10:$L$10,0))) -> 6 | T37: =IF(I46=$O37,3*INDEX($H$11:$L$19,MATCH($O37,$G$11:$G$18,0),MATCH(T$5,$H$10:$L$10,0)),J$20-3*INDEX($H$11:$L$19,MATCH($O37,$G$11:$G$18,0),MATCH(T$5,$H$10:$L$10,0))) -> 44 | U37: =IF(J46=$O37,3*INDEX($H$11:$L$19,MATCH($O37,$G$11:$G$18,0),MATCH(U$5,$H$10:$L$10,0)),K$20-3*INDEX($H$11:$L$19,MATCH($O37,$G$11:$G$18,0),MATCH(U$5,$H$10:$L$10,0))) -> 6 | V37: =IF(K46=$O37,3*INDEX($H$11:$L$19,MATCH($O37,$G$11:$G$18,0),MATCH(V$5,$H$10:$L$10,0)),L$20-3*INDEX($H$11:$L$19,MATCH($O37,$G$11:$G$18,0),MATCH(V$5,$H$10:$L$10,0))) -> 44 | W37: =X37*Q37 -> 4181760 | X37: =PRODUCT(R37:V37) -> 418176 | Y37: =(X37/$X$43)*Q37 -> 0.013381632
A38: DD | B38: GG | C38: FF | D38: DD | E38: FF | G38: SC | H38: SC | I38: SC | J38: -- | K38: SC | O38: SC | P38: 3 | Q38: ='Game Description'!$C$23 -> 10 | R38: =IF(G47=$O38,3*INDEX($H$11:$L$19,MATCH($O38,$G$11:$G$18,0),MATCH(R$5,$H$10:$L$10,0)),H$20-3*INDEX($H$11:$L$19,MATCH($O38,$G$11:$G$18,0),MATCH(R$5,$H$10:$L$10,0))) -> 44 | S38: =IF(H47=$O38,3*INDEX($H$11:$L$19,MATCH($O38,$G$11:$G$18,0),MATCH(S$5,$H$10:$L$10,0)),I$20-3*INDEX($H$11:$L$19,MATCH($O38,$G$11:$G$18,0),MATCH(S$5,$H$10:$L$10,0))) -> 6 | T38: =IF(I47=$O38,3*INDEX($H$11:$L$19,MATCH($O38,$G$11:$G$18,0),MATCH(T$5,$H$10:$L$10,0)),J$20-3*INDEX($H$11:$L$19,MATCH($O38,$G$11:$G$18,0),MATCH(T$5,$H$10:$L$10,0))) -> 6 | U38: =IF(J47=$O38,3*INDEX($H$11:$L$19,MATCH($O38,$G$11:$G$18,0),MATCH(U$5,$H$10:$L$10,0)),K$20-3*INDEX($H$11:$L$19,MATCH($O38,$G$11:$G$18,0),MATCH(U$5,$H$10:$L$10,0))) -> 44 | V38: =IF(K47=$O38,3*INDEX($H$11:$L$19,MATCH($O38,$G$11:$G$18,0),MATCH(V$5,$H$10:$L$10,0)),L$20-3*INDEX($H$11:$L$19,MATCH($O38,$G$11:$G$18,0),MATCH(V$5,$H$10:$L$10,0))) -> 6 | W38: =X38*Q38 -> 4181760 | X38: =PRODUCT(R38:V38) -> 418176 | Y38: =(X38/$X$43)*Q38 -> 0.013381632
A39: GG | B39: GG | C39: GG | D39: BB | E39: FF | G39: SC | H39: SC | I39: -- | J39: SC | K39: SC | O39: SC | P39: 3 | Q39: ='Game Description'!$C$23 -> 10 | R39: =IF(G48=$O39,3*INDEX($H$11:$L$19,MATCH($O39,$G$11:$G$18,0),MATCH(R$5,$H$10:$L$10,0)),H$20-3*INDEX($H$11:$L$19,MATCH($O39,$G$11:$G$18,0),MATCH(R$5,$H$10:$L$10,0))) -> 6 | S39: =IF(H48=$O39,3*INDEX($H$11:$L$19,MATCH($O39,$G$11:$G$18,0),MATCH(S$5,$H$10:$L$10,0)),I$20-3*INDEX($H$11:$L$19,MATCH($O39,$G$11:$G$18,0),MATCH(S$5,$H$10:$L$10,0))) -> 6 | T39: =IF(I48=$O39,3*INDEX($H$11:$L$19,MATCH($O39,$G$11:$G$18,0),MATCH(T$5,$H$10:$L$10,0)),J$20-3*INDEX($H$11:$L$19,MATCH($O39,$G$11:$G$18,0),MATCH(T$5,$H$10:$L$10,0))) -> 44 | U39: =IF(J48=$O39,3*INDEX($H$11:$L$19,MATCH($O39,$G$11:$G$18,0),MATCH(U$5,$H$10:$L$10,0)),K$20-3*INDEX($H$11:$L$19,MATCH($O39,$G$11:$G$18,0),MATCH(U$5,$H$10:$L$10,0))) -> 44 | V39: =IF(K48=$O39,3*INDEX($H$11:$L$19,MATCH($O39,$G$11:$G$18,0),MATCH(V$5,$H$10:$L$10,0)),L$20-3*INDEX($H$11:$L$19,MATCH($O39,$G$11:$G$18,0),MATCH(V$5,$H$10:$L$10,0))) -> 6 | W39: =X39*Q39 -> 4181760 | X39: =PRODUCT(R39:V39) -> 418176 | Y39: =(X39/$X$43)*Q39 -> 0.013381632
A40: WD | B40: FF | C40: GG | D40: DD | E40: CC | G40: SC | H40: -- | I40: SC | J40: SC | K40: SC | O40: SC | P40: 3 | Q40: ='Game Description'!$C$23 -> 10 | R40: =IF(G49=$O40,3*INDEX($H$11:$L$19,MATCH($O40,$G$11:$G$18,0),MATCH(R$5,$H$10:$L$10,0)),H$20-3*INDEX($H$11:$L$19,MATCH($O40,$G$11:$G$18,0),MATCH(R$5,$H$10:$L$10,0))) -> 6 | S40: =IF(H49=$O40,3*INDEX($H$11:$L$19,MATCH($O40,$G$11:$G$18,0),MATCH(S$5,$H$10:$L$10,0)),I$20-3*INDEX($H$11:$L$19,MATCH($O40,$G$11:$G$18,0),MATCH(S$5,$H$10:$L$10,0))) -> 44 | T40: =IF(I49=$O40,3*INDEX($H$11:$L$19,MATCH($O40,$G$11:$G$18,0),MATCH(T$5,$H$10:$L$10,0)),J$20-3*INDEX($H$11:$L$19,MATCH($O40,$G$11:$G$18,0),MATCH(T$5,$H$10:$L$10,0))) -> 44 | U40: =IF(J49=$O40,3*INDEX($H$11:$L$19,MATCH($O40,$G$11:$G$18,0),MATCH(U$5,$H$10:$L$10,0)),K$20-3*INDEX($H$11:$L$19,MATCH($O40,$G$11:$G$18,0),MATCH(U$5,$H$10:$L$10,0))) -> 6 | V40: =IF(K49=$O40,3*INDEX($H$11:$L$19,MATCH($O40,$G$11:$G$18,0),MATCH(V$5,$H$10:$L$10,0)),L$20-3*INDEX($H$11:$L$19,MATCH($O40,$G$11:$G$18,0),MATCH(V$5,$H$10:$L$10,0))) -> 6 | W40: =X40*Q40 -> 4181760 | X40: =PRODUCT(R40:V40) -> 418176 | Y40: =(X40/$X$43)*Q40 -> 0.013381632
A41: FF | B41: FF | C41: FF | D41: GG | E41: CC | G41: -- | H41: SC | I41: SC | J41: SC | K41: SC | O41: SC | P41: 3 | Q41: ='Game Description'!$C$23 -> 10 | R41: =IF(G50=$O41,3*INDEX($H$11:$L$19,MATCH($O41,$G$11:$G$18,0),MATCH(R$5,$H$10:$L$10,0)),H$20-3*INDEX($H$11:$L$19,MATCH($O41,$G$11:$G$18,0),MATCH(R$5,$H$10:$L$10,0))) -> 44 | S41: =IF(H50=$O41,3*INDEX($H$11:$L$19,MATCH($O41,$G$11:$G$18,0),MATCH(S$5,$H$10:$L$10,0)),I$20-3*INDEX($H$11:$L$19,MATCH($O41,$G$11:$G$18,0),MATCH(S$5,$H$10:$L$10,0))) -> 44 | T41: =IF(I50=$O41,3*INDEX($H$11:$L$19,MATCH($O41,$G$11:$G$18,0),MATCH(T$5,$H$10:$L$10,0)),J$20-3*INDEX($H$11:$L$19,MATCH($O41,$G$11:$G$18,0),MATCH(T$5,$H$10:$L$10,0))) -> 6 | U41: =IF(J50=$O41,3*INDEX($H$11:$L$19,MATCH($O41,$G$11:$G$18,0),MATCH(U$5,$H$10:$L$10,0)),K$20-3*INDEX($H$11:$L$19,MATCH($O41,$G$11:$G$18,0),MATCH(U$5,$H$10:$L$10,0))) -> 6 | V41: =IF(K50=$O41,3*INDEX($H$11:$L$19,MATCH($O41,$G$11:$G$18,0),MATCH(V$5,$H$10:$L$10,0)),L$20-3*INDEX($H$11:$L$19,MATCH($O41,$G$11:$G$18,0),MATCH(V$5,$H$10:$L$10,0))) -> 6 | W41: =X41*Q41 -> 4181760 | X41: =PRODUCT(R41:V41) -> 418176 | Y41: =(X41/$X$43)*Q41 -> 0.013381632
A42: FF | B42: FF | C42: DD | D42: DD | E42: CC | G42: -- | H42: SC | I42: SC | J42: SC | K42: -- | O42: SC | P42: 3 | Q42: ='Game Description'!$C$23 -> 10 | R42: =IF(G51=$O42,3*INDEX($H$11:$L$19,MATCH($O42,$G$11:$G$18,0),MATCH(R$5,$H$10:$L$10,0)),H$20-3*INDEX($H$11:$L$19,MATCH($O42,$G$11:$G$18,0),MATCH(R$5,$H$10:$L$10,0))) -> 6 | S42: =IF(H51=$O42,3*INDEX($H$11:$L$19,MATCH($O42,$G$11:$G$18,0),MATCH(S$5,$H$10:$L$10,0)),I$20-3*INDEX($H$11:$L$19,MATCH($O42,$G$11:$G$18,0),MATCH(S$5,$H$10:$L$10,0))) -> 6 | T42: =IF(I51=$O42,3*INDEX($H$11:$L$19,MATCH($O42,$G$11:$G$18,0),MATCH(T$5,$H$10:$L$10,0)),J$20-3*INDEX($H$11:$L$19,MATCH($O42,$G$11:$G$18,0),MATCH(T$5,$H$10:$L$10,0))) -> 6 | U42: =IF(J51=$O42,3*INDEX($H$11:$L$19,MATCH($O42,$G$11:$G$18,0),MATCH(U$5,$H$10:$L$10,0)),K$20-3*INDEX($H$11:$L$19,MATCH($O42,$G$11:$G$18,0),MATCH(U$5,$H$10:$L$10,0))) -> 44 | V42: =IF(K51=$O42,3*INDEX($H$11:$L$19,MATCH($O42,$G$11:$G$18,0),MATCH(V$5,$H$10:$L$10,0)),L$20-3*INDEX($H$11:$L$19,MATCH($O42,$G$11:$G$18,0),MATCH(V$5,$H$10:$L$10,0))) -> 44 | W42: =X42*Q42 -> 4181760 | X42: =PRODUCT(R42:V42) -> 418176 | Y42: =(X42/$X$43)*Q42 -> 0.013381632
A43: FF | B43: DD | C43: DD | D43: FF | E43: AA | G43: SC | H43: -- | I43: SC | J43: SC | K43: -- | W43: =SUM(W6:W42) -> 179673810 | X43: =PRODUCT(H20:L20) -> 312500000 | Y43: =SUM(Y6:Y42)+AL30 -> 0.57726173 | Z43: =SUM(Y27:Y42) -> 0.19187712
A44: EE | B44: BB | C44: DD | D44: AA | E44: AA | G44: -- | H44: SC | I44: -- | J44: SC | K44: SC
A45: BB | B45: DD | C45: EE | D45: GG | E45: DD | G45: SC | H45: -- | I45: SC | J45: -- | K45: SC | Q45: Total wins | R45: =W43+AJ30 -> 180394290 | V45: scatter trigger | X45: =X43/SUM(X27:X42) -> 69.837771
A46: CC | B46: DD | C46: DD | D46: CC | E46: FF | G46: SC | H46: SC | I46: -- | J46: SC | K46: -- | Q46: Toal bet | R46: =X43 -> 312500000
A47: BB | B47: BB | C47: DD | D47: FF | E47: BB | G47: -- | H47: SC | I47: SC | J47: -- | K47: SC | Q47: RTP | R47: =R45/R46 -> 0.57726173
A48: EE | B48: BB | C48: GG | D48: GG | E48: BB | G48: SC | H48: SC | I48: -- | J48: -- | K48: SC
A49: GG | B49: DD | C49: GG | D49: CC | E49: BB | G49: SC | H49: -- | I49: -- | J49: SC | K49: SC | V49: Total rtp | W49: =Y43+FreeGameReel!W48 -> 0.95154252
A50: FF | B50: BB | C50: WD | D50: FF | E50: DD | G50: -- | H50: -- | I50: SC | J50: SC | K50: SC
A51: GG | B51: WD | C51: EE | D51: CC | E51: FF | G51: SC | H51: SC | I51: SC | J51: -- | K51: --
A52: GG | B52: GG | C52: CC | D52: EE | E52: CC

Sheet FreeGameReel
B1: Basegame Reel Strip
A2: Reel 1 | B2: Reel 2 | C2: Reel 3 | D2: Reel 4 | E2: Reel 5
A3: GG | B3: EE | C3: FF | D3: DD | E3: EE | Q3: Base bet | R3: 20 | T3: retrigger spins | U3: 10
A4: GG | B4: EE | C4: FF | D4: GG | E4: EE
A5: GG | B5: EE | C5: FF | D5: EE | E5: EE | O5: Symbol | P5: Number | Q5: Payout | R5: Reel 1 | S5: Reel 2 | T5: Reel 3 | U5: Reel 4 | V5: Reel 5 | X5: Hits | Y5: RTP | AA5: Symbol | AB5: Symbols | AC5: Number | AD5: Payout | AE5: Reel 1 | AF5: Reel 2 | AG5: Reel 3 | AH5: Reel 4 | AI5: Reel 5 | AK5: Hits | AL5: RTP
A6: EE | B6: AA | C6: FF | D6: EE | E6: BB | O6: AA | P6: 5 | Q6: ='Game Description'!E15 -> 200 | R6: =INDEX($H$11:$L$19,MATCH($O6,$G$11:$G$18,0),MATCH(R$5,$H$10:$L$10,0))+H$19 -> 10 | S6: =INDEX($H$11:$L$19,MATCH($O6,$G$11:$G$18,0),MATCH(S$5,$H$10:$L$10,0))+I$19 -> 11 | T6: =INDEX($H$11:$L$19,MATCH($O6,$G$11:$G$18,0),MATCH(T$5,$H$10:$L$10,0))+J$19 -> 10 | U6: =INDEX($H$11:$L$19,MATCH($O6,$G$11:$G$18,0),MATCH(U$5,$H$10:$L$10,0))+K$19 -> 10 | V6: =INDEX($H$11:$L$19,MATCH($O6,$G$11:$G$18,0),MATCH(V$5,$H$10:$L$10,0))+L$19 -> 10 | W6: =X6*Q6 -> 17276800 | X6: =PRODUCT(R6:V6)-AK6-AK8-AK27 -> 86384 | Y6: =(X6/$X$43)*Q6 -> 0.05528576 | AA6: WD | AB6: AA | AC6: 4 | AD6: ='Game Description'!$D$22 -> 400 | AE6: =INDEX($H$11:$L$19,MATCH($AA6,$G$11:$G$19,0),MATCH(R$5,$H$10:$L$10,0)) -> 6 | AF6: =INDEX($H$11:$L$19,MATCH($AA6,$G$11:$G$19,0),MATCH(S$5,$H$10:$L$10,0)) -> 8 | AG6: =INDEX($H$11:$L$19,MATCH($AA6,$G$11:$G$19,0),MATCH(T$5,$H$10:$L$10,0)) -> 6 | AH6: =INDEX($H$11:$L$19,MATCH($AA6,$G$11:$G$19,0),MATCH(U$5,$H$10:$L$10,0)) -> 7 | AI6: =INDEX($H$11:$L$19,MATCH("AA",$G$11:$G$19,0),MATCH(AI$5,$H$10:$L$10,0)) -> 4 | AJ6: =AL6*$X$43 -> 3225600 | AK6: =PRODUCT(AE6:AI6) -> 8064 | AL6: =IF(AD6>Q6,AD6,Q6)*(AK6/$X$43) -> 0.01032192
A7: BB | B7: AA | C7: GG | D7: SC | E7: EE | O7: AA | P7: 4 | Q7: ='Game Description'!D15 -> 100 | R7: =INDEX($H$11:$L$19,MATCH($O7,$G$11:$G$18,0),MATCH(R$5,$H$10:$L$10,0))+H$19 -> 10 | S7: =INDEX($H$11:$L$19,MATCH($O7,$G$11:$G$18,0),MATCH(S$5,$H$10:$L$10,0))+I$19 -> 11 | T7: =INDEX($H$11:$L$19,MATCH($O7,$G$11:$G$18,0),MATCH(T$5,$H$10:$L$10,0))+J$19 -> 10 | U7: =INDEX($H$11:$L$19,MATCH($O7,$G$11:$G$18,0),MATCH(U$5,$H$10:$L$10,0))+K$19 -> 10 | V7: =L$20-(L$19+INDEX($H$11:$L$19,MATCH($O7,$G$11:$G$17,0),MATCH(V$5,$H$10:$L$10,0))) -> 40 | W7: =X7*Q7 -> 32480000 | X7: =PRODUCT(R7:V7)-PRODUCT($H$19:$K$19)*$V7-$AK7 -> 324800 | Y7: =(X7/$X$43)*Q7 -> 0.103936 | AA7: WD | AB7: AA | AC7: 3 | AD7: ='Game Description'!$C$22 -> 40 | AE7: =INDEX($H$11:$L$19,MATCH($AA7,$G$11:$G$19,0),MATCH(R$5,$H$10:$L$10,0)) -> 6 | AF7: =INDEX($H$11:$L$19,MATCH($AA7,$G$11:$G$19,0),MATCH(S$5,$H$10:$L$10,0)) -> 8 | AG7: =INDEX($H$11:$L$19,MATCH($AA7,$G$11:$G$19,0),MATCH(T$5,$H$10:$L$10,0)) -> 6 | AH7: =INDEX($H$11:$L$19,MATCH("AA",$G$11:$G$19,0),MATCH(AH$5,$H$10:$L$10,0)) -> 3 | AI7: =$L$20-L$19-L11 -> 40 | AJ7: =AL7*$X$43 -> 3456000 | AK7: =PRODUCT(AE7:AI7) -> 34560 | AL7: =IF(AD7>Q7,AD7,Q7)*(AK7/$X$43) -> 0.0110592
A8: WD | B8: GG | C8: SC | D8: BB | E8: CC | O8: AA | P8: 3 | Q8: ='Game Description'!C15 -> 20 | R8: =INDEX($H$11:$L$19,MATCH($O8,$G$11:$G$18,0),MATCH(R$5,$H$10:$L$10,0))+H$19 -> 10 | S8: =INDEX($H$11:$L$19,MATCH($O8,$G$11:$G$18,0),MATCH(S$5,$H$10:$L$10,0))+I$19 -> 11 | T8: =INDEX($H$11:$L$19,MATCH($O8,$G$11:$G$18,0),MATCH(T$5,$H$10:$L$10,0))+J$19 -> 10 | U8: =K$20-(K$19+INDEX($H$11:$L$19,MATCH($O8,$G$11:$G$18,0),MATCH(U$5,$H$10:$L$10,0))) -> 40 | V8: =$L$20 -> 50 | W8: =X8*Q8 -> 32480000 | X8: =PRODUCT(R8:V8)- PRODUCT($H$19:$J$19)*U8*V8 -> 1624000 | Y8: =(X8/$X$43)*Q8 -> 0.103936 | AA8: WD | AB8: AA | AC8: 3 | AD8: ='Game Description'!$C$22 -> 40 | AE8: =INDEX($H$11:$L$19,MATCH($AA8,$G$11:$G$19,0),MATCH(R$5,$H$10:$L$10,0)) -> 6 | AF8: =INDEX($H$11:$L$19,MATCH($AA8,$G$11:$G$19,0),MATCH(S$5,$H$10:$L$10,0)) -> 8 | AG8: =INDEX($H$11:$L$19,MATCH($AA8,$G$11:$G$19,0),MATCH(T$5,$H$10:$L$10,0)) -> 6 | AH8: =INDEX($H$11:$L$19,MATCH("AA",$G$11:$G$19,0),MATCH(AH$5,$H$10:$L$10,0)) -> 3 | AI8: =L11 -> 4 | AJ8: =AL8*$X$43 -> 691200 | AK8: =PRODUCT(AE8:AI8) -> 3456 | AL8: =IF(AD8>Q6,AD8,Q6)*(AK8/$X$43) -> 0.00221184
A9: WD | B9: CC | C9: BB | D9: EE | E9: FF | G9: With | O9: BB | P9: 5 | Q9: ='Game Description'!E16 -> 200 | R9: =INDEX($H$11:$L$19,MATCH($O9,$G$11:$G$18,0),MATCH(R$5,$H$10:$L$10,0))+H$19 -> 9 | S9: =INDEX($H$11:$L$19,MATCH($O9,$G$11:$G$18,0),MATCH(S$5,$H$10:$L$10,0))+I$19 -> 12 | T9: =INDEX($H$11:$L$19,MATCH($O9,$G$11:$G$18,0),MATCH(T$5,$H$10:$L$10,0))+J$19 -> 10 | U9: =INDEX($H$11:$L$19,MATCH($O9,$G$11:$G$18,0),MATCH(U$5,$H$10:$L$10,0))+K$19 -> 10 | V9: =INDEX($H$11:$L$19,MATCH($O9,$G$11:$G$18,0),MATCH(V$5,$H$10:$L$10,0))+L$19 -> 9 | W9: =X9*Q9 -> 15292800 | X9: =PRODUCT(R9:V9)-AK9-AK11-AK27 -> 76464 | Y9: =(X9/$X$43)*Q9 -> 0.04893696 | Z9: =SUM(Y6:Y8) -> 0.26315776 | AA9: WD | AB9: BB | AC9: 4 | AD9: ='Game Description'!$D$22 -> 400 | AE9: =INDEX($H$11:$L$19,MATCH($AA9,$G$11:$G$19,0),MATCH(R$5,$H$10:$L$10,0)) -> 6 | AF9: =INDEX($H$11:$L$19,MATCH($AA9,$G$11:$G$19,0),MATCH(S$5,$H$10:$L$10,0)) -> 8 | AG9: =INDEX($H$11:$L$19,MATCH($AA9,$G$11:$G$19,0),MATCH(T$5,$H$10:$L$10,0)) -> 6 | AH9: =INDEX($H$11:$L$19,MATCH($AA9,$G$11:$G$19,0),MATCH(U$5,$H$10:$L$10,0)) -> 7 | AI9: =INDEX($H$11:$L$19,MATCH("BB",$G$11:$G$19,0),MATCH(AI$5,$H$10:$L$10,0)) -> 3 | AJ9: =AL9*$X$43 -> 2419200 | AK9: =PRODUCT(AE9:AI9) -> 6048 | AL9: =IF(AD9>Q9,AD9,Q9)*(AK9/$X$43) -> 0.00774144
A10: AA | B10: EE | C10: BB | D10: EE | E10: EE | G10: Symbol | H10: Reel 1 | I10: Reel 2 | J10: Reel 3 | K10: Reel 4 | L10: Reel 5 | O10: BB | P10: 4 | Q10: ='Game Description'!D16 -> 100 | R10: =INDEX($H$11:$L$19,MATCH($O10,$G$11:$G$18,0),MATCH(R$5,$H$10:$L$10,0))+H$19 -> 9 | S10: =INDEX($H$11:$L$19,MATCH($O10,$G$11:$G$18,0),MATCH(S$5,$H$10:$L$10,0))+I$19 -> 12 | T10: =INDEX($H$11:$L$19,MATCH($O10,$G$11:$G$18,0),MATCH(T$5,$H$10:$L$10,0))+J$19 -> 10 | U10: =INDEX($H$11:$L$19,MATCH($O10,$G$11:$G$18,0),MATCH(U$5,$H$10:$L$10,0))+K$19 -> 10 | V10: =L$20-(L$19+INDEX($H$11:$L$19,MATCH($O10,$G$11:$G$17,0),MATCH(V$5,$H$10:$L$10,0))) -> 41 | W10: =X10*Q10 -> 32472000 | X10: =PRODUCT(R10:V10)-PRODUCT($H$19:$K$19)*$V10-$AK10 -> 324720 | Y10: =(X10/$X$43)*Q10 -> 0.1039104 | AA10: WD | AB10: BB | AC10: 3 | AD10: ='Game Description'!$C$22 -> 40 | AE10: =INDEX($H$11:$L$19,MATCH($AA10,$G$11:$G$19,0),MATCH(R$5,$H$10:$L$10,0)) -> 6 | AF10: =INDEX($H$11:$L$19,MATCH($AA10,$G$11:$G$19,0),MATCH(S$5,$H$10:$L$10,0)) -> 8 | AG10: =INDEX($H$11:$L$19,MATCH($AA10,$G$11:$G$19,0),MATCH(T$5,$H$10:$L$10,0)) -> 6 | AH10: =INDEX($H$11:$L$19,MATCH("BB",$G$11:$G$19,0),MATCH(AH$5,$H$10:$L$10,0)) -> 3 | AI10: =$L$20-L$19-L12 -> 41 | AJ10: =AL10*$X$43 -> 3542400 | AK10: =PRODUCT(AE10:AI10) -> 35424 | AL10: =IF(AD10>Q10,AD10,Q10)*(AK10/$X$43) -> 0.01133568
A11: AA | B11: SC | C11: BB | D11: GG | E11: SC | G11: AA | H11: =COUNTIF(A$1:A$899,$G11) -> 4 | I11: =COUNTIF(B$1:B$899,$G11) -> 3 | J11: =COUNTIF(C$1:C$899,$G11) -> 4 | K11: =COUNTIF(D$1:D$899,$G11) -> 3 | L11: =COUNTIF(E$1:E$899,$G11) -> 4 | O11: BB | P11: 3 | Q11: ='Game Description'!C16 -> 20 | R11: =INDEX($H$11:$L$19,MATCH($O11,$G$11:$G$18,0),MATCH(R$5,$H$10:$L$10,0))+H$19 -> 9 | S11: =INDEX($H$11:$L$19,MATCH($O11,$G$11:$G$18,0),MATCH(S$5,$H$10:$L$10,0))+I$19 -> 12 | T11: =INDEX($H$11:$L$19,MATCH($O11,$G$11:$G$18,0),MATCH(T$5,$H$10:$L$10,0))+J$19 -> 10 | U11: =K$20-(K$19+INDEX($H$11:$L$19,MATCH($O11,$G$11:$G$18,0),MATCH(U$5,$H$10:$L$10,0))) -> 40 | V11: =$L$20 -> 50 | W11: =X11*Q11 -> 31680000 | X11: =PRODUCT(R11:V11)- PRODUCT($H$19:$J$19)*U11*V11 -> 1584000 | Y11: =X11/$X$43*Q11 -> 0.101376 | AA11: WD | AB11: BB | AC11: 3 | AD11: ='Game Description'!$C$22 -> 40 | AE11: =INDEX($H$11:$L$19,MATCH($AA11,$G$11:$G$19,0),MATCH(R$5,$H$10:$L$10,0)) -> 6 | AF11: =INDEX($H$11:$L$19,MATCH($AA11,$G$11:$G$19,0),MATCH(S$5,$H$10:$L$10,0)) -> 8 | AG11: =INDEX($H$11:$L$19,MATCH($AA11,$G$11:$G$19,0),MATCH(T$5,$H$10:$L$10,0)) -> 6 | AH11: =INDEX($H$11:$L$19,MATCH("BB",$G$11:$G$19,0),MATCH(AH$5,$H$10:$L$10,0)) -> 3 | AI11: =L12 -> 3 | AJ11: =AL11*$X$43 -> 518400 | AK11: =PRODUCT(AE11:AI11) -> 2592 | AL11: =IF(AD11>Q9,AD11,Q9)*(AK11/$X$43) -> 0.00165888
A12: AA | B12: AA | C12: GG | D12: CC | E12: GG | G12: BB | H12: =COUNTIF(A$1:A$899,$G12) -> 3 | I12: =COUNTIF(B$1:B$899,$G12) -> 4 | J12: =COUNTIF(C$1:C$899,$G12) -> 4 | K12: =COUNTIF(D$1:D$899,$G12) -> 3 | L12: =COUNTIF(E$1:E$899,$G12) -> 3 | O12: CC | P12: 5 | Q12: ='Game Description'!E17 -> 200 | R12: =INDEX($H$11:$L$19,MATCH($O12,$G$11:$G$18,0),MATCH(R$5,$H$10:$L$10,0))+H$19 -> 10 | S12: =INDEX($H$11:$L$19,MATCH($O12,$G$11:$G$18,0),MATCH(S$5,$H$10:$L$10,0))+I$19 -> 10 | T12: =INDEX($H$11:$L$19,MATCH($O12,$G$11:$G$18,0),MATCH(T$5,$H$10:$L$10,0))+J$19 -> 10 | U12: =INDEX($H$11:$L$19,MATCH($O12,$G$11:$G$18,0),MATCH(U$5,$H$10:$L$10,0))+K$19 -> 11 | V12: =INDEX($H$11:$L$19,MATCH($O12,$G$11:$G$18,0),MATCH(V$5,$H$10:$L$10,0))+L$19 -> 10 | W12: =X12*Q12 -> 17046400 | X12: =PRODUCT(R12:V12)-AK12-AK14-AK27 -> 85232 | Y12: =(X12/$X$43)*Q12 -> 0.05454848 | Z12: =SUM(Y9:Y11) -> 0.25422336 | AA12: WD | AB12: CC | AC12: 4 | AD12: ='Game Description'!$D$22 -> 400 | AE12: =INDEX($H$11:$L$19,MATCH($AA12,$G$11:$G$19,0),MATCH(R$5,$H$10:$L$10,0)) -> 6 | AF12: =INDEX($H$11:$L$19,MATCH($AA12,$G$11:$G$19,0),MATCH(S$5,$H$10:$L$10,0)) -> 8 | AG12: =INDEX($H$11:$L$19,MATCH($AA12,$G$11:$G$19,0),MATCH(T$5,$H$10:$L$10,0)) -> 6 | AH12: =INDEX($H$11:$L$19,MATCH($AA12,$G$11:$G$19,0),MATCH(U$5,$H$10:$L$10,0)) -> 7 | AI12: =INDEX($H$11:$L$19,MATCH("CC",$G$11:$G$19,0),MATCH(AI$5,$H$10:$L$10,0)) -> 4 | AJ12: =AL12*$X$43 -> 3225600 | AK12: =PRODUCT(AE12:AI12) -> 8064 | AL12: =IF(AD12>Q12,AD12,Q12)*(AK12/$X$43) -> 0.01032192
A13: WD | B13: FF | C13: AA | D13: WD | E13: DD | G13: CC | H13: =COUNTIF(A$1:A$899,$G13) -> 4 | I13: =COUNTIF(B$1:B$899,$G13) -> 2 | J13: =COUNTIF(C$1:C$899,$G13) -> 4 | K13: =COUNTIF(D$1:D$899,$G13) -> 4 | L13: =COUNTIF(E$1:E$899,$G13) -> 4 | O13: CC | P13: 4 | Q13: ='Game Description'!D17 -> 100 | R13: =INDEX($H$11:$L$19,MATCH($O13,$G$11:$G$18,0),MATCH(R$5,$H$10:$L$10,0))+H$19 -> 10 | S13: =INDEX($H$11:$L$19,MATCH($O13,$G$11:$G$18,0),MATCH(S$5,$H$10:$L$10,0))+I$19 -> 10 | T13: =INDEX($H$11:$L$19,MATCH($O13,$G$11:$G$18,0),MATCH(T$5,$H$10:$L$10,0))+J$19 -> 10 | U13: =INDEX($H$11:$L$19,MATCH($O13,$G$11:$G$18,0),MATCH(U$5,$H$10:$L$10,0))+K$19 -> 11 | V13: =L$20-(L$19+INDEX($H$11:$L$19,MATCH($O13,$G$11:$G$17,0),MATCH(V$5,$H$10:$L$10,0))) -> 40 | W13: =X13*Q13 -> 31328000 | X13: =PRODUCT(R13:V13)-PRODUCT($H$19:$K$19)*$V13-$AK13 -> 313280 | Y13: =(X13/$X$43)*Q13 -> 0.1002496 | AA13: WD | AB13: CC | AC13: 3 | AD13: ='Game Description'!$C$22 -> 40 | AE13: =INDEX($H$11:$L$19,MATCH($AA13,$G$11:$G$19,0),MATCH(R$5,$H$10:$L$10,0)) -> 6 | AF13: =INDEX($H$11:$L$19,MATCH($AA13,$G$11:$G$19,0),MATCH(S$5,$H$10:$L$10,0)) -> 8 | AG13: =INDEX($H$11:$L$19,MATCH($AA13,$G$11:$G$19,0),MATCH(T$5,$H$10:$L$10,0)) -> 6 | AH13: =INDEX($H$11:$L$19,MATCH("CC",$G$11:$G$19,0),MATCH(AH$5,$H$10:$L$10,0)) -> 4 | AI13: =$L$20-L$19-L13 -> 40 | AJ13: =AL13*$X$43 -> 4608000 | AK13: =PRODUCT(AE13:AI13) -> 46080 | AL13: =IF(AD13>Q13,AD13,Q13)*(AK13/$X$43) -> 0.0147456
A14: GG | B14: WD | C14: AA | D14: GG | E14: WD | G14: DD | H14: =COUNTIF(A$1:A$899,$G14) -> 6 | I14: =COUNTIF(B$1:B$899,$G14) -> 5 | J14: =COUNTIF(C$1:C$899,$G14) -> 7 | K14: =COUNTIF(D$1:D$899,$G14) -> 7 | L14: =COUNTIF(E$1:E$899,$G14) -> 6 | O14: CC | P14: 3 | Q14: ='Game Description'!C17 -> 20 | R14: =INDEX($H$11:$L$19,MATCH($O14,$G$11:$G$18,0),MATCH(R$5,$H$10:$L$10,0))+H$19 -> 10 | S14: =INDEX($H$11:$L$19,MATCH($O14,$G$11:$G$18,0),MATCH(S$5,$H$10:$L$10,0))+I$19 -> 10 | T14: =INDEX($H$11:$L$19,MATCH($O14,$G$11:$G$18,0),MATCH(T$5,$H$10:$L$10,0))+J$19 -> 10 | U14: =K$20-(K$19+INDEX($H$11:$L$19,MATCH($O14,$G$11:$G$18,0),MATCH(U$5,$H$10:$L$10,0))) -> 39 | V14: =$L$20 -> 50 | W14: =X14*Q14 -> 27768000 | X14: =PRODUCT(R14:V14)- PRODUCT($H$19:$J$19)*U14*V14 -> 1388400 | Y14: =(X14/$X$43)*Q14 -> 0.0888576 | AA14: WD | AB14: CC | AC14: 3 | AD14: ='Game Description'!$C$22 -> 40 | AE14: =INDEX($H$11:$L$19,MATCH($AA14,$G$11:$G$19,0),MATCH(R$5,$H$10:$L$10,0)) -> 6 | AF14: =INDEX($H$11:$L$19,MATCH($AA14,$G$11:$G$19,0),MATCH(S$5,$H$10:$L$10,0)) -> 8 | AG14: =INDEX($H$11:$L$19,MATCH($AA14,$G$11:$G$19,0),MATCH(T$5,$H$10:$L$10,0)) -> 6 | AH14: =INDEX($H$11:$L$19,MATCH("CC",$G$11:$G$19,0),MATCH(AH$5,$H$10:$L$10,0)) -> 4 | AI14: =L13 -> 4 | AJ14: =AL14*$X$43 -> 921600 | AK14: =PRODUCT(AE14:AI14) -> 4608 | AL14: =IF(AD14>Q12,AD14,Q12)*(AK14/$X$43) -> 0.00294912
A15: SC | B15: GG | C15: AA | D15: GG | E15: WD | G15: EE | H15: =COUNTIF(A$1:A$899,$G15) -> 6 | I15: =COUNTIF(B$1:B$899,$G15) -> 7 | J15: =COUNTIF(C$1:C$899,$G15) -> 5 | K15: =COUNTIF(D$1:D$899,$G15) -> 7 | L15: =COUNTIF(E$1:E$899,$G15) -> 7 | O15: DD | P15: 5 | Q15: ='Game Description'!E18 -> 100 | R15: =INDEX($H$11:$L$19,MATCH($O15,$G$11:$G$18,0),MATCH(R$5,$H$10:$L$10,0))+H$19 -> 12 | S15: =INDEX($H$11:$L$19,MATCH($O15,$G$11:$G$18,0),MATCH(S$5,$H$10:$L$10,0))+I$19 -> 13 | T15: =INDEX($H$11:$L$19,MATCH($O15,$G$11:$G$18,0),MATCH(T$5,$H$10:$L$10,0))+J$19 -> 13 | U15: =INDEX($H$11:$L$19,MATCH($O15,$G$11:$G$18,0),MATCH(U$5,$H$10:$L$10,0))+K$19 -> 14 | V15: =INDEX($H$11:$L$19,MATCH($O15,$G$11:$G$18,0),MATCH(V$5,$H$10:$L$10,0))+L$19 -> 12 | W15: =X15*Q15 -> 30441600 | X15: =PRODUCT(R15:V15)-AK15-AK17-AK27 -> 304416 | Y15: =(X15/$X$43)*Q15 -> 0.09741312 | Z15: =SUM(Y12:Y14) -> 0.24365568 | AA15: WD | AB15: DD | AC15: 4 | AD15: ='Game Description'!$D$22 -> 400 | AE15: =INDEX($H$11:$L$19,MATCH($AA15,$G$11:$G$19,0),MATCH(R$5,$H$10:$L$10,0)) -> 6 | AF15: =INDEX($H$11:$L$19,MATCH($AA15,$G$11:$G$19,0),MATCH(S$5,$H$10:$L$10,0)) -> 8 | AG15: =INDEX($H$11:$L$19,MATCH($AA15,$G$11:$G$19,0),MATCH(T$5,$H$10:$L$10,0)) -> 6 | AH15: =INDEX($H$11:$L$19,MATCH($AA15,$G$11:$G$19,0),MATCH(U$5,$H$10:$L$10,0)) -> 7 | AI15: =INDEX($H$11:$L$19,MATCH("DD",$G$11:$G$19,0),MATCH(AI$5,$H$10:$L$10,0)) -> 6 | AJ15: =AL15*$X$43 -> 4838400 | AK15: =PRODUCT(AE15:AI15) -> 12096 | AL15: =IF(AD15>Q15,AD15,Q15)*(AK15/$X$43) -> 0.01548288
A16: DD | B16: GG | C16: CC | D16: EE | E16: DD | G16: FF | H16: =COUNTIF(A$1:A$899,$G16) -> 9 | I16: =COUNTIF(B$1:B$899,$G16) -> 9 | J16: =COUNTIF(C$1:C$899,$G16) -> 9 | K16: =COUNTIF(D$1:D$899,$G16) -> 9 | L16: =COUNTIF(E$1:E$899,$G16) -> 9 | O16: DD | P16: 4 | Q16: ='Game Description'!D18 -> 20 | R16: =INDEX($H$11:$L$19,MATCH($O16,$G$11:$G$18,0),MATCH(R$5,$H$10:$L$10,0))+H$19 -> 12 | S16: =INDEX($H$11:$L$19,MATCH($O16,$G$11:$G$18,0),MATCH(S$5,$H$10:$L$10,0))+I$19 -> 13 | T16: =INDEX($H$11:$L$19,MATCH($O16,$G$11:$G$18,0),MATCH(T$5,$H$10:$L$10,0))+J$19 -> 13 | U16: =INDEX($H$11:$L$19,MATCH($O16,$G$11:$G$18,0),MATCH(U$5,$H$10:$L$10,0))+K$19 -> 14 | V16: =L$20-(L$19+INDEX($H$11:$L$19,MATCH($O16,$G$11:$G$17,0),MATCH(V$5,$H$10:$L$10,0))) -> 38 | W16: =X16*Q16 -> 18513600 | X16: =PRODUCT(R16:V16)-PRODUCT($H$19:$K$19)*$V16-$AK16 -> 925680 | Y16: =(X16/$X$43)*Q16 -> 0.05924352 | AA16: WD | AB16: DD | AC16: 3 | AD16: ='Game Description'!$C$22 -> 40 | AE16: =INDEX($H$11:$L$19,MATCH($AA16,$G$11:$G$19,0),MATCH(R$5,$H$10:$L$10,0)) -> 6 | AF16: =INDEX($H$11:$L$19,MATCH($AA16,$G$11:$G$19,0),MATCH(S$5,$H$10:$L$10,0)) -> 8 | AG16: =INDEX($H$11:$L$19,MATCH($AA16,$G$11:$G$19,0),MATCH(T$5,$H$10:$L$10,0)) -> 6 | AH16: =INDEX($H$11:$L$19,MATCH("DD",$G$11:$G$19,0),MATCH(AH$5,$H$10:$L$10,0)) -> 7 | AI16: =$L$20-L$19-L14 -> 38 | AJ16: =AL16*$X$43 -> 3064320 | AK16: =PRODUCT(AE16:AI16) -> 76608 | AL16: =IF(AD16>Q16,AD16,Q16)*(AK16/$X$43) -> 0.009805824
A17: DD | B17: CC | C17: CC | D17: GG | E17: GG | G17: GG | H17: =COUNTIF(A$1:A$899,$G17) -> 10 | I17: =COUNTIF(B$1:B$899,$G17) -> 10 | J17: =COUNTIF(C$1:C$899,$G17) -> 9 | K17: =COUNTIF(D$1:D$899,$G17) -> 8 | L17: =COUNTIF(E$1:E$899,$G17) -> 8 | O17: DD | P17: 3 | Q17: ='Game Description'!C18 -> 5 | R17: =INDEX($H$11:$L$19,MATCH($O17,$G$11:$G$18,0),MATCH(R$5,$H$10:$L$10,0))+H$19 -> 12 | S17: =INDEX($H$11:$L$19,MATCH($O17,$G$11:$G$18,0),MATCH(S$5,$H$10:$L$10,0))+I$19 -> 13 | T17: =INDEX($H$11:$L$19,MATCH($O17,$G$11:$G$18,0),MATCH(T$5,$H$10:$L$10,0))+J$19 -> 13 | U17: =K$20-(K$19+INDEX($H$11:$L$19,MATCH($O17,$G$11:$G$18,0),MATCH(U$5,$H$10:$L$10,0))) -> 36 | V17: =$L$20 -> 50 | W17: =X17*Q17 -> 15660000 | X17: =PRODUCT(R17:V17)- PRODUCT($H$19:$J$19)*U17*V17 -> 3132000 | Y17: =(X17/$X$43)*Q17 -> 0.050112 | AA17: WD | AB17: DD | AC17: 3 | AD17: ='Game Description'!$C$22 -> 40 | AE17: =INDEX($H$11:$L$19,MATCH($AA17,$G$11:$G$19,0),MATCH(R$5,$H$10:$L$10,0)) -> 6 | AF17: =INDEX($H$11:$L$19,MATCH($AA17,$G$11:$G$19,0),MATCH(S$5,$H$10:$L$10,0)) -> 8 | AG17: =INDEX($H$11:$L$19,MATCH($AA17,$G$11:$G$19,0),MATCH(T$5,$H$10:$L$10,0)) -> 6 | AH17: =INDEX($H$11:$L$19,MATCH("DD",$G$11:$G$19,0),MATCH(AH$5,$H$10:$L$10,0)) -> 7 | AI17: =L14 -> 6 | AJ17: =AL17*$X$43 -> 1209600 | AK17: =PRODUCT(AE17:AI17) -> 12096 | AL17: =IF(AD17>Q15,AD17,Q15)*(AK17/$X$43) -> 0.00387072
A18: DD | B18: DD | C18: CC | D18: FF | E18: GG | G18: SC | H18: =COUNTIF(A$1:A$899,$G18) -> 2 | I18: =COUNTIF(B$1:B$899,$G18) -> 2 | J18: =COUNTIF(C$1:C$899,$G18) -> 2 | K18: =COUNTIF(D$1:D$899,$G18) -> 2 | L18: =COUNTIF(E$1:E$899,$G18) -> 3 | O18: EE | P18: 5 | Q18: ='Game Description'!E19 -> 100 | R18: =INDEX($H$11:$L$19,MATCH($O18,$G$11:$G$18,0),MATCH(R$5,$H$10:$L$10,0))+H$19 -> 12 | S18: =INDEX($H$11:$L$19,MATCH($O18,$G$11:$G$18,0),MATCH(S$5,$H$10:$L$10,0))+I$19 -> 15 | T18: =INDEX($H$11:$L$19,MATCH($O18,$G$11:$G$18,0),MATCH(T$5,$H$10:$L$10,0))+J$19 -> 11 | U18: =INDEX($H$11:$L$19,MATCH($O18,$G$11:$G$18,0),MATCH(U$5,$H$10:$L$10,0))+K$19 -> 14 | V18: =INDEX($H$11:$L$19,MATCH($O18,$G$11:$G$18,0),MATCH(V$5,$H$10:$L$10,0))+L$19 -> 13 | W18: =X18*Q18 -> 32004000 | X18: =PRODUCT(R18:V18)-AK18-AK20-AK27 -> 320040 | Y18: =(X18/$X$43)*Q18 -> 0.1024128 | Z18: =SUM(Y15:Y17) -> 0.20676864 | AA18: WD | AB18: EE | AC18: 4 | AD18: ='Game Description'!$D$22 -> 400 | AE18: =INDEX($H$11:$L$19,MATCH($AA18,$G$11:$G$19,0),MATCH(R$5,$H$10:$L$10,0)) -> 6 | AF18: =INDEX($H$11:$L$19,MATCH($AA18,$G$11:$G$19,0),MATCH(S$5,$H$10:$L$10,0)) -> 8 | AG18: =INDEX($H$11:$L$19,MATCH($AA18,$G$11:$G$19,0),MATCH(T$5,$H$10:$L$10,0)) -> 6 | AH18: =INDEX($H$11:$L$19,MATCH($AA18,$G$11:$G$19,0),MATCH(U$5,$H$10:$L$10,0)) -> 7 | AI18: =INDEX($H$11:$L$19,MATCH("EE",$G$11:$G$19,0),MATCH(AI$5,$H$10:$L$10,0)) -> 7 | AJ18: =AL18*$X$43 -> 5644800 | AK18: =PRODUCT(AE18:AI18) -> 14112 | AL18: =IF(AD18>Q18,AD18,Q18)*(AK18/$X$43) -> 0.01806336
A19: FF | B19: WD | C19: GG | D19: SC | E19: GG | G19: WD | H19: =COUNTIF(A$1:A$899,$G19) -> 6 | I19: =COUNTIF(B$1:B$899,$G19) -> 8 | J19: =COUNTIF(C$1:C$899,$G19) -> 6 | K19: =COUNTIF(D$1:D$899,$G19) -> 7 | L19: =COUNTIF(E$1:E$899,$G19) -> 6 | O19: EE | P19: 4 | Q19: ='Game Description'!D19 -> 20 | R19: =INDEX($H$11:$L$19,MATCH($O19,$G$11:$G$18,0),MATCH(R$5,$H$10:$L$10,0))+H$19 -> 12 | S19: =INDEX($H$11:$L$19,MATCH($O19,$G$11:$G$18,0),MATCH(S$5,$H$10:$L$10,0))+I$19 -> 15 | T19: =INDEX($H$11:$L$19,MATCH($O19,$G$11:$G$18,0),MATCH(T$5,$H$10:$L$10,0))+J$19 -> 11 | U19: =INDEX($H$11:$L$19,MATCH($O19,$G$11:$G$18,0),MATCH(U$5,$H$10:$L$10,0))+K$19 -> 14 | V19: =L$20-(L$19+INDEX($H$11:$L$19,MATCH($O19,$G$11:$G$17,0),MATCH(V$5,$H$10:$L$10,0))) -> 37 | W19: =X19*Q19 -> 17529120 | X19: =PRODUCT(R19:V19)-PRODUCT($H$19:$K$19)*$V19-$AK19 -> 876456 | Y19: =(X19/$X$43)*Q19 -> 0.056093184 | AA19: WD | AB19: EE | AC19: 3 | AD19: ='Game Description'!$C$22 -> 40 | AE19: =INDEX($H$11:$L$19,MATCH($AA19,$G$11:$G$19,0),MATCH(R$5,$H$10:$L$10,0)) -> 6 | AF19: =INDEX($H$11:$L$19,MATCH($AA19,$G$11:$G$19,0),MATCH(S$5,$H$10:$L$10,0)) -> 8 | AG19: =INDEX($H$11:$L$19,MATCH($AA19,$G$11:$G$19,0),MATCH(T$5,$H$10:$L$10,0)) -> 6 | AH19: =INDEX($H$11:$L$19,MATCH("EE",$G$11:$G$19,0),MATCH(AH$5,$H$10:$L$10,0)) -> 7 | AI19: =$L$20-L$19-L15 -> 37 | AJ19: =AL19*$X$43 -> 2983680 | AK19: =PRODUCT(AE19:AI19) -> 74592 | AL19: =IF(AD19>Q19,AD19,Q19)*(AK19/$X$43) -> 0.009547776
A20: SC | B20: SC | C20: EE | D20: DD | E20: AA | G20: Total | H20: =SUM(H11:H19) -> 50 | I20: =SUM(I11:I19) -> 50 | J20: =SUM(J11:J19) -> 50 | K20: =SUM(K11:K19) -> 50 | L20: =SUM(L11:L19) -> 50 | O20: EE | P20: 3 | Q20: ='Game Description'!C19 -> 5 | R20: =INDEX($H$11:$L$19,MATCH($O20,$G$11:$G$18,0),MATCH(R$5,$H$10:$L$10,0))+H$19 -> 12 | S20: =INDEX($H$11:$L$19,MATCH($O20,$G$11:$G$18,0),MATCH(S$5,$H$10:$L$10,0))+I$19 -> 15 | T20: =INDEX($H$11:$L$19,MATCH($O20,$G$11:$G$18,0),MATCH(T$5,$H$10:$L$10,0))+J$19 -> 11 | U20: =K$20-(K$19+INDEX($H$11:$L$19,MATCH($O20,$G$11:$G$18,0),MATCH(U$5,$H$10:$L$10,0))) -> 36 | V20: =$L$20 -> 50 | W20: =X20*Q20 -> 15228000 | X20: =PRODUCT(R20:V20)- PRODUCT($H$19:$J$19)*U20*V20 -> 3045600 | Y20: =(X20/$X$43)*Q20 -> 0.0487296 | AA20: WD | AB20: EE | AC20: 3 | AD20: ='Game Description'!$C$22 -> 40 | AE20: =INDEX($H$11:$L$19,MATCH($AA20,$G$11:$G$19,0),MATCH(R$5,$H$10:$L$10,0)) -> 6 | AF20: =INDEX($H$11:$L$19,MATCH($AA20,$G$11:$G$19,0),MATCH(S$5,$H$10:$L$10,0)) -> 8 | AG20: =INDEX($H$11:$L$19,MATCH($AA20,$G$11:$G$19,0),MATCH(T$5,$H$10:$L$10,0)) -> 6 | AH20: =INDEX($H$11:$L$19,MATCH("EE",$G$11:$G$19,0),MATCH(AH$5,$H$10:$L$10,0)) -> 7 | AI20: =L15 -> 7 | AJ20: =AL20*$X$43 -> 1411200 | AK20: =PRODUCT(AE20:AI20) -> 14112 | AL20: =IF(AD20>Q18,AD20,Q18)*(AK20/$X$43) -> 0.00451584
A21: CC | B21: EE | C21: GG | D21: DD | E21: GG | O21: FF | P21: 5 | Q21: ='Game Description'!E20 -> 50 | R21: =INDEX($H$11:$L$19,MATCH($O21,$G$11:$G$18,0),MATCH(R$5,$H$10:$L$10,0))+H$19 -> 15 | S21: =INDEX($H$11:$L$19,MATCH($O21,$G$11:$G$18,0),MATCH(S$5,$H$10:$L$10,0))+I$19 -> 17 | T21: =INDEX($H$11:$L$19,MATCH($O21,$G$11:$G$18,0),MATCH(T$5,$H$10:$L$10,0))+J$19 -> 15 | U21: =INDEX($H$11:$L$19,MATCH($O21,$G$11:$G$18,0),MATCH(U$5,$H$10:$L$10,0))+K$19 -> 16 | V21: =INDEX($H$11:$L$19,MATCH($O21,$G$11:$G$18,0),MATCH(V$5,$H$10:$L$10,0))+L$19 -> 15 | W21: =X21*Q21 -> 43221600 | X21: =PRODUCT(R21:V21)-AK21-AK23-AK27 -> 864432 | Y21: =(X21/$X$43)*Q21 -> 0.13830912 | Z21: =SUM(Y18:Y20) -> 0.20723558 | AA21: WD | AB21: FF | AC21: 4 | AD21: ='Game Description'!$D$22 -> 400 | AE21: =INDEX($H$11:$L$19,MATCH($AA21,$G$11:$G$19,0),MATCH(R$5,$H$10:$L$10,0)) -> 6 | AF21: =INDEX($H$11:$L$19,MATCH($AA21,$G$11:$G$19,0),MATCH(S$5,$H$10:$L$10,0)) -> 8 | AG21: =INDEX($H$11:$L$19,MATCH($AA21,$G$11:$G$19,0),MATCH(T$5,$H$10:$L$10,0)) -> 6 | AH21: =INDEX($H$11:$L$19,MATCH($AA21,$G$11:$G$19,0),MATCH(U$5,$H$10:$L$10,0)) -> 7 | AI21: =INDEX($H$11:$L$19,MATCH("FF",$G$11:$G$19,0),MATCH(AI$5,$H$10:$L$10,0)) -> 9 | AJ21: =AL21*$X$43 -> 7257600 | AK21: =PRODUCT(AE21:AI21) -> 18144 | AL21: =IF(AD21>Q21,AD21,Q21)*(AK21/$X$43) -> 0.02322432
A22: CC | B22: FF | C22: BB | D22: DD | E22: GG | O22: FF | P22: 4 | Q22: ='Game Description'!D20 -> 10 | R22: =INDEX($H$11:$L$19,MATCH($O22,$G$11:$G$18,0),MATCH(R$5,$H$10:$L$10,0))+H$19 -> 15 | S22: =INDEX($H$11:$L$19,MATCH($O22,$G$11:$G$18,0),MATCH(S$5,$H$10:$L$10,0))+I$19 -> 17 | T22: =INDEX($H$11:$L$19,MATCH($O22,$G$11:$G$18,0),MATCH(T$5,$H$10:$L$10,0))+J$19 -> 15 | U22: =INDEX($H$11:$L$19,MATCH($O22,$G$11:$G$18,0),MATCH(U$5,$H$10:$L$10,0))+K$19 -> 16 | V22: =L$20-(L$19+INDEX($H$11:$L$19,MATCH($O22,$G$11:$G$17,0),MATCH(V$5,$H$10:$L$10,0))) -> 35 | W22: =X22*Q22 -> 19807200 | X22: =PRODUCT(R22:V22)-PRODUCT($H$19:$K$19)*$V22-$AK22 -> 1980720 | Y22: =(X22/$X$43)*Q22 -> 0.06338304 | AA22: WD | AB22: FF | AC22: 3 | AD22: ='Game Description'!$C$22 -> 40 | AE22: =INDEX($H$11:$L$19,MATCH($AA22,$G$11:$G$19,0),MATCH(R$5,$H$10:$L$10,0)) -> 6 | AF22: =INDEX($H$11:$L$19,MATCH($AA22,$G$11:$G$19,0),MATCH(S$5,$H$10:$L$10,0)) -> 8 | AG22: =INDEX($H$11:$L$19,MATCH($AA22,$G$11:$G$19,0),MATCH(T$5,$H$10:$L$10,0)) -> 6 | AH22: =INDEX($H$11:$L$19,MATCH("FF",$G$11:$G$19,0),MATCH(AH$5,$H$10:$L$10,0)) -> 9 | AI22: =$L$20-L$19-L16 -> 35 | AJ22: =AL22*$X$43 -> 3628800 | AK22: =PRODUCT(AE22:AI22) -> 90720 | AL22: =IF(AD22>Q22,AD22,Q22)*(AK22/$X$43) -> 0.01161216
A23: AA | B23: GG | C23: SC | D23: AA | E23: SC | O23: FF | P23: 3 | Q23: ='Game Description'!C20 -> 1 | R23: =INDEX($H$11:$L$19,MATCH($O23,$G$11:$G$18,0),MATCH(R$5,$H$10:$L$10,0))+H$19 -> 15 | S23: =INDEX($H$11:$L$19,MATCH($O23,$G$11:$G$18,0),MATCH(S$5,$H$10:$L$10,0))+I$19 -> 17 | T23: =INDEX($H$11:$L$19,MATCH($O23,$G$11:$G$18,0),MATCH(T$5,$H$10:$L$10,0))+J$19 -> 15 | U23: =K$20-(K$19+INDEX($H$11:$L$19,MATCH($O23,$G$11:$G$18,0),MATCH(U$5,$H$10:$L$10,0))) -> 34 | V23: =$L$20 -> 50 | W23: =X23*Q23 -> 6012900 | X23: =PRODUCT(R23:V23)- PRODUCT($H$19:$J$19)*U23*V23 -> 6012900 | Y23: =(X23/$X$43)*Q23 -> 0.01924128 | AA23: WD | AB23: FF | AC23: 3 | AD23: ='Game Description'!$C$22 -> 40 | AE23: =INDEX($H$11:$L$19,MATCH($AA23,$G$11:$G$19,0),MATCH(R$5,$H$10:$L$10,0)) -> 6 | AF23: =INDEX($H$11:$L$19,MATCH($AA23,$G$11:$G$19,0),MATCH(S$5,$H$10:$L$10,0)) -> 8 | AG23: =INDEX($H$11:$L$19,MATCH($AA23,$G$11:$G$19,0),MATCH(T$5,$H$10:$L$10,0)) -> 6 | AH23: =INDEX($H$11:$L$19,MATCH("FF",$G$11:$G$19,0),MATCH(AH$5,$H$10:$L$10,0)) -> 9 | AI23: =L16 -> 9 | AJ23: =AL23*$X$43 -> 1166400 | AK23: =PRODUCT(AE23:AI23) -> 23328 | AL23: =IF(AD23>Q21,AD23,Q21)*(AK23/$X$43) -> 0.00373248
A24: EE | B24: FF | C24: GG | D24: BB | E24: DD | O24: GG | P24: 5 | Q24: ='Game Description'!E21 -> 50 | R24: =INDEX($H$11:$L$19,MATCH($O24,$G$11:$G$18,0),MATCH(R$5,$H$10:$L$10,0))+H$19 -> 16 | S24: =INDEX($H$11:$L$19,MATCH($O24,$G$11:$G$18,0),MATCH(S$5,$H$10:$L$10,0))+I$19 -> 18 | T24: =INDEX($H$11:$L$19,MATCH($O24,$G$11:$G$18,0),MATCH(T$5,$H$10:$L$10,0))+J$19 -> 15 | U24: =INDEX($H$11:$L$19,MATCH($O24,$G$11:$G$18,0),MATCH(U$5,$H$10:$L$10,0))+K$19 -> 15 | V24: =INDEX($H$11:$L$19,MATCH($O24,$G$11:$G$18,0),MATCH(V$5,$H$10:$L$10,0))+L$19 -> 14 | W24: =X24*Q24 -> 43027200 | X24: =PRODUCT(R24:V24)-AK24-AK26-AK27 -> 860544 | Y24: =(X24/$X$43)*Q24 -> 0.13768704 | Z24: =SUM(Y21:Y23) -> 0.22093344 | AA24: WD | AB24: GG | AC24: 4 | AD24: ='Game Description'!$D$22 -> 400 | AE24: =INDEX($H$11:$L$19,MATCH($AA24,$G$11:$G$19,0),MATCH(R$5,$H$10:$L$10,0)) -> 6 | AF24: =INDEX($H$11:$L$19,MATCH($AA24,$G$11:$G$19,0),MATCH(S$5,$H$10:$L$10,0)) -> 8 | AG24: =INDEX($H$11:$L$19,MATCH($AA24,$G$11:$G$19,0),MATCH(T$5,$H$10:$L$10,0)) -> 6 | AH24: =INDEX($H$11:$L$19,MATCH($AA24,$G$11:$G$19,0),MATCH(U$5,$H$10:$L$10,0)) -> 7 | AI24: =INDEX($H$11:$L$19,MATCH("GG",$G$11:$G$19,0),MATCH(AI$5,$H$10:$L$10,0)) -> 8 | AJ24: =AL24*$X$43 -> 6451200 | AK24: =PRODUCT(AE24:AI24) -> 16128 | AL24: =IF(AD24>Q24,AD24,Q24)*(AK24/$X$43) -> 0.02064384
A25: FF | B25: FF | C25: FF | D25: FF | E25: DD | O25: GG | P25: 4 | Q25: ='Game Description'!D21 -> 10 | R25: =INDEX($H$11:$L$19,MATCH($O25,$G$11:$G$18,0),MATCH(R$5,$H$10:$L$10,0))+H$19 -> 16 | S25: =INDEX($H$11:$L$19,MATCH($O25,$G$11:$G$18,0),MATCH(S$5,$H$10:$L$10,0))+I$19 -> 18 | T25: =INDEX($H$11:$L$19,MATCH($O25,$G$11:$G$18,0),MATCH(T$5,$H$10:$L$10,0))+J$19 -> 15 | U25: =INDEX($H$11:$L$19,MATCH($O25,$G$11:$G$18,0),MATCH(U$5,$H$10:$L$10,0))+K$19 -> 15 | V25: =L$20-(L$19+INDEX($H$11:$L$19,MATCH($O25,$G$11:$G$17,0),MATCH(V$5,$H$10:$L$10,0))) -> 36 | W25: =X25*Q25 -> 21772800 | X25: =PRODUCT(R25:V25)-PRODUCT($H$19:$K$19)*$V25-$AK25 -> 2177280 | Y25: =(X25/$X$43)*Q25 -> 0.06967296 | AA25: WD | AB25: GG | AC25: 3 | AD25: ='Game Description'!$C$22 -> 40 | AE25: =INDEX($H$11:$L$19,MATCH($AA25,$G$11:$G$19,0),MATCH(R$5,$H$10:$L$10,0)) -> 6 | AF25: =INDEX($H$11:$L$19,MATCH($AA25,$G$11:$G$19,0),MATCH(S$5,$H$10:$L$10,0)) -> 8 | AG25: =INDEX($H$11:$L$19,MATCH($AA25,$G$11:$G$19,0),MATCH(T$5,$H$10:$L$10,0)) -> 6 | AH25: =INDEX($H$11:$L$19,MATCH("GG",$G$11:$G$19,0),MATCH(AH$5,$H$10:$L$10,0)) -> 8 | AI25: =L20-L19-L17 -> 36 | AJ25: =AL25*$X$43 -> 3317760 | AK25: =PRODUCT(AE25:AI25) -> 82944 | AL25: =IF(AD25>Q25,AD25,Q25)*(AK25/$X$43) -> 0.010616832
A26: FF | B26: BB | C26: WD | D26: FF | E26: DD | O26: GG | P26: 3 | Q26: ='Game Description'!C21 -> 1 | R26: =INDEX($H$11:$L$19,MATCH($O26,$G$11:$G$18,0),MATCH(R$5,$H$10:$L$10,0))+H$19 -> 16 | S26: =INDEX($H$11:$L$19,MATCH($O26,$G$11:$G$18,0),MATCH(S$5,$H$10:$L$10,0))+I$19 -> 18 | T26: =INDEX($H$11:$L$19,MATCH($O26,$G$11:$G$18,0),MATCH(T$5,$H$10:$L$10,0))+J$19 -> 15 | U26: =K$20-(K$19+INDEX($H$11:$L$19,MATCH($O26,$G$11:$G$18,0),MATCH(U$5,$H$10:$L$10,0))) -> 35 | V26: =$L$20 -> 50 | W26: =X26*Q26 -> 7056000 | X26: =PRODUCT(R26:V26)- PRODUCT($H$19:$J$19)*U26*V26 -> 7056000 | Y26: =(X26/$X$43)*Q26 -> 0.0225792 | AA26: WD | AB26: GG | AC26: 3 | AD26: ='Game Description'!$C$22 -> 40 | AE26: =INDEX($H$11:$L$19,MATCH($AA26,$G$11:$G$19,0),MATCH(R$5,$H$10:$L$10,0)) -> 6 | AF26: =INDEX($H$11:$L$19,MATCH($AA26,$G$11:$G$19,0),MATCH(S$5,$H$10:$L$10,0)) -> 8 | AG26: =INDEX($H$11:$L$19,MATCH($AA26,$G$11:$G$19,0),MATCH(T$5,$H$10:$L$10,0)) -> 6 | AH26: =INDEX($H$11:$L$19,MATCH("GG",$G$11:$G$19,0),MATCH(AH$5,$H$10:$L$10,0)) -> 8 | AI26: =L17 -> 8 | AJ26: =AL26*$X$43 -> 921600 | AK26: =PRODUCT(AE26:AI26) -> 18432 | AL26: =IF(AD26>Q24,AD26,Q24)*(AK26/$X$43) -> 0.00294912
A27: FF | B27: FF | C27: WD | D27: WD | E27: FF | O27: SC | P27: 5 | Q27: ='Game Description'!E23 -> 500 | R27: =IF(G36=$O27,3*INDEX($H$11:$L$19,MATCH($O27,$G$11:$G$18,0),MATCH(R$5,$H$10:$L$10,0)),H$20-3*INDEX($H$11:$L$19,MATCH($O27,$G$11:$G$18,0),MATCH(R$5,$H$10:$L$10,0))) -> 6 | S27: =IF(H36=$O27,3*INDEX($H$11:$L$19,MATCH($O27,$G$11:$G$18,0),MATCH(S$5,$H$10:$L$10,0)),I$20-3*INDEX($H$11:$L$19,MATCH($O27,$G$11:$G$18,0),MATCH(S$5,$H$10:$L$10,0))) -> 6 | T27: =IF(I36=$O27,3*INDEX($H$11:$L$19,MATCH($O27,$G$11:$G$18,0),MATCH(T$5,$H$10:$L$10,0)),J$20-3*INDEX($H$11:$L$19,MATCH($O27,$G$11:$G$18,0),MATCH(T$5,$H$10:$L$10,0))) -> 6 | U27: =IF(J36=$O27,3*INDEX($H$11:$L$19,MATCH($O27,$G$11:$G$18,0),MATCH(U$5,$H$10:$L$10,0)),K$20-3*INDEX($H$11:$L$19,MATCH($O27,$G$11:$G$18,0),MATCH(U$5,$H$10:$L$10,0))) -> 6 | V27: =IF(K36=$O27,3*INDEX($H$11:$L$19,MATCH($O27,$G$11:$G$18,0),MATCH(V$5,$H$10:$L$10,0)),L$20-3*INDEX($H$11:$L$19,MATCH($O27,$G$11:$G$18,0),MATCH(V$5,$H$10:$L$10,0))) -> 9 | W27: =X27*Q27 -> 5832000 | X27: =PRODUCT(R27:V27) -> 11664 | Y27: =(X27/$X$43)*Q27 -> 0.0186624 | Z27: =SUM(Y24:Y26) -> 0.2299392 | AE27: =H19 -> 6 | AF27: =I19 -> 8 | AG27: =J19 -> 6 | AH27: =K19 -> 7 | AI27: =L19 -> 6 | AJ27: =AL27*$X$43 -> 12096000 | AK27: =PRODUCT(AE27:AI27) -> 12096 | AL27: =AK27/X43*'Game Description'!E22 -> 0.0387072
A28: GG | B28: GG | C28: FF | D28: WD | E28: FF | O28: SC | P28: 4 | Q28: ='Game Description'!$D$23 -> 50 | R28: =IF(G37=$O28,3*INDEX($H$11:$L$19,MATCH($O28,$G$11:$G$18,0),MATCH(R$5,$H$10:$L$10,0)),H$20-3*INDEX($H$11:$L$19,MATCH($O28,$G$11:$G$18,0),MATCH(R$5,$H$10:$L$10,0))) -> 6 | S28: =IF(H37=$O28,3*INDEX($H$11:$L$19,MATCH($O28,$G$11:$G$18,0),MATCH(S$5,$H$10:$L$10,0)),I$20-3*INDEX($H$11:$L$19,MATCH($O28,$G$11:$G$18,0),MATCH(S$5,$H$10:$L$10,0))) -> 6 | T28: =IF(I37=$O28,3*INDEX($H$11:$L$19,MATCH($O28,$G$11:$G$18,0),MATCH(T$5,$H$10:$L$10,0)),J$20-3*INDEX($H$11:$L$19,MATCH($O28,$G$11:$G$18,0),MATCH(T$5,$H$10:$L$10,0))) -> 6 | U28: =IF(J37=$O28,3*INDEX($H$11:$L$19,MATCH($O28,$G$11:$G$18,0),MATCH(U$5,$H$10:$L$10,0)),K$20-3*INDEX($H$11:$L$19,MATCH($O28,$G$11:$G$18,0),MATCH(U$5,$H$10:$L$10,0))) -> 6 | V28: =IF(K37=$O28,3*INDEX($H$11:$L$19,MATCH($O28,$G$11:$G$18,0),MATCH(V$5,$H$10:$L$10,0)),L$20-3*INDEX($H$11:$L$19,MATCH($O28,$G$11:$G$18,0),MATCH(V$5,$H$10:$L$10,0))) -> 41 | W28: =X28*Q28 -> 2656800 | X28: =PRODUCT(R28:V28) -> 53136 | Y28: =(X28/$X$43)*Q28 -> 0.00850176 | Z28: =SUM(Z9:Z27) -> 1.6259137 | AJ28: =AL28*$X$43 -> 2419200 | AK28: =PRODUCT($H$19:$K$19)*L18 -> 6048 | AL28: =(AK28/$X$43)*'Game Description'!$D$22 -> 0.00774144
A29: FF | B29: GG | C29: FF | D29: AA | E29: FF | O29: SC | P29: 4 | Q29: ='Game Description'!$D$23 -> 50 | R29: =IF(G38=$O29,3*INDEX($H$11:$L$19,MATCH($O29,$G$11:$G$18,0),MATCH(R$5,$H$10:$L$10,0)),H$20-3*INDEX($H$11:$L$19,MATCH($O29,$G$11:$G$18,0),MATCH(R$5,$H$10:$L$10,0))) -> 6 | S29: =IF(H38=$O29,3*INDEX($H$11:$L$19,MATCH($O29,$G$11:$G$18,0),MATCH(S$5,$H$10:$L$10,0)),I$20-3*INDEX($H$11:$L$19,MATCH($O29,$G$11:$G$18,0),MATCH(S$5,$H$10:$L$10,0))) -> 6 | T29: =IF(I38=$O29,3*INDEX($H$11:$L$19,MATCH($O29,$G$11:$G$18,0),MATCH(T$5,$H$10:$L$10,0)),J$20-3*INDEX($H$11:$L$19,MATCH($O29,$G$11:$G$18,0),MATCH(T$5,$H$10:$L$10,0))) -> 6 | U29: =IF(J38=$O29,3*INDEX($H$11:$L$19,MATCH($O29,$G$11:$G$18,0),MATCH(U$5,$H$10:$L$10,0)),K$20-3*INDEX($H$11:$L$19,MATCH($O29,$G$11:$G$18,0),MATCH(U$5,$H$10:$L$10,0))) -> 44 | V29: =IF(K38=$O29,3*INDEX($H$11:$L$19,MATCH($O29,$G$11:$G$18,0),MATCH(V$5,$H$10:$L$10,0)),L$20-3*INDEX($H$11:$L$19,MATCH($O29,$G$11:$G$18,0),MATCH(V$5,$H$10:$L$10,0))) -> 9 | W29: =X29*Q29 -> 4276800 | X29: =PRODUCT(R29:V29) -> 85536 | Y29: =(X29/$X$43)*Q29 -> 0.01368576 | AJ29: =AL29*$X$43 -> 1152000 | AK29: =PRODUCT($H$19:$J$19)*K18*$L$20 -> 28800 | AL29: =(AK29/$X$43)*'Game Description'!$C$22 -> 0.0036864
A30: DD | B30: GG | C30: EE | D30: AA | E30: GG | O30: SC | P30: 4 | Q30: ='Game Description'!$D$23 -> 50 | R30: =IF(G39=$O30,3*INDEX($H$11:$L$19,MATCH($O30,$G$11:$G$18,0),MATCH(R$5,$H$10:$L$10,0)),H$20-3*INDEX($H$11:$L$19,MATCH($O30,$G$11:$G$18,0),MATCH(R$5,$H$10:$L$10,0))) -> 6 | S30: =IF(H39=$O30,3*INDEX($H$11:$L$19,MATCH($O30,$G$11:$G$18,0),MATCH(S$5,$H$10:$L$10,0)),I$20-3*INDEX($H$11:$L$19,MATCH($O30,$G$11:$G$18,0),MATCH(S$5,$H$10:$L$10,0))) -> 6 | T30: =IF(I39=$O30,3*INDEX($H$11:$L$19,MATCH($O30,$G$11:$G$18,0),MATCH(T$5,$H$10:$L$10,0)),J$20-3*INDEX($H$11:$L$19,MATCH($O30,$G$11:$G$18,0),MATCH(T$5,$H$10:$L$10,0))) -> 44 | U30: =IF(J39=$O30,3*INDEX($H$11:$L$19,MATCH($O30,$G$11:$G$18,0),MATCH(U$5,$H$10:$L$10,0)),K$20-3*INDEX($H$11:$L$19,MATCH($O30,$G$11:$G$18,0),MATCH(U$5,$H$10:$L$10,0))) -> 6 | V30: =IF(K39=$O30,3*INDEX($H$11:$L$19,MATCH($O30,$G$11:$G$18,0),MATCH(V$5,$H$10:$L$10,0)),L$20-3*INDEX($H$11:$L$19,MATCH($O30,$G$11:$G$18,0),MATCH(V$5,$H$10:$L$10,0))) -> 9 | W30: =X30*Q30 -> 4276800 | X30: =PRODUCT(R30:V30) -> 85536 | Y30: =(X30/$X$43)*Q30 -> 0.01368576 | AJ30: =SUM(AJ6:AJ29) -> 80170560 | AK30: =SUM(AK6:AK27) -> 614304 | AL30: =SUM(AL6:AL29) -> 0.25654579
A31: DD | B31: WD | C31: AA | D31: EE | E31: FF | O31: SC | P31: 4 | Q31: ='Game Description'!$D$23 -> 50 | R31: =IF(G40=$O31,3*INDEX($H$11:$L$19,MATCH($O31,$G$11:$G$18,0),MATCH(R$5,$H$10:$L$10,0)),H$20-3*INDEX($H$11:$L$19,MATCH($O31,$G$11:$G$18,0),MATCH(R$5,$H$10:$L$10,0))) -> 6 | S31: =IF(H40=$O31,3*INDEX($H$11:$L$19,MATCH($O31,$G$11:$G$18,0),MATCH(S$5,$H$10:$L$10,0)),I$20-3*INDEX($H$11:$L$19,MATCH($O31,$G$11:$G$18,0),MATCH(S$5,$H$10:$L$10,0))) -> 44 | T31: =IF(I40=$O31,3*INDEX($H$11:$L$19,MATCH($O31,$G$11:$G$18,0),MATCH(T$5,$H$10:$L$10,0)),J$20-3*INDEX($H$11:$L$19,MATCH($O31,$G$11:$G$18,0),MATCH(T$5,$H$10:$L$10,0))) -> 6 | U31: =IF(J40=$O31,3*INDEX($H$11:$L$19,MATCH($O31,$G$11:$G$18,0),MATCH(U$5,$H$10:$L$10,0)),K$20-3*INDEX($H$11:$L$19,MATCH($O31,$G$11:$G$18,0),MATCH(U$5,$H$10:$L$10,0))) -> 6 | V31: =IF(K40=$O31,3*INDEX($H$11:$L$19,MATCH($O31,$G$11:$G$18,0),MATCH(V$5,$H$10:$L$10,0)),L$20-3*INDEX($H$11:$L$19,MATCH($O31,$G$11:$G$18,0),MATCH(V$5,$H$10:$L$10,0))) -> 9 | W31: =X31*Q31 -> 4276800 | X31: =PRODUCT(R31:V31) -> 85536 | Y31: =(X31/$X$43)*Q31 -> 0.01368576
A32: DD | B32: WD | C32: EE | D32: WD | E32: WD | O32: SC | P32: 4 | Q32: ='Game Description'!$D$23 -> 50 | R32: =IF(G41=$O32,3*INDEX($H$11:$L$19,MATCH($O32,$G$11:$G$18,0),MATCH(R$5,$H$10:$L$10,0)),H$20-3*INDEX($H$11:$L$19,MATCH($O32,$G$11:$G$18,0),MATCH(R$5,$H$10:$L$10,0))) -> 44 | S32: =IF(H41=$O32,3*INDEX($H$11:$L$19,MATCH($O32,$G$11:$G$18,0),MATCH(S$5,$H$10:$L$10,0)),I$20-3*INDEX($H$11:$L$19,MATCH($O32,$G$11:$G$18,0),MATCH(S$5,$H$10:$L$10,0))) -> 6 | T32: =IF(I41=$O32,3*INDEX($H$11:$L$19,MATCH($O32,$G$11:$G$18,0),MATCH(T$5,$H$10:$L$10,0)),J$20-3*INDEX($H$11:$L$19,MATCH($O32,$G$11:$G$18,0),MATCH(T$5,$H$10:$L$10,0))) -> 6 | U32: =IF(J41=$O32,3*INDEX($H$11:$L$19,MATCH($O32,$G$11:$G$18,0),MATCH(U$5,$H$10:$L$10,0)),K$20-3*INDEX($H$11:$L$19,MATCH($O32,$G$11:$G$18,0),MATCH(U$5,$H$10:$L$10,0))) -> 6 | V32: =IF(K41=$O32,3*INDEX($H$11:$L$19,MATCH($O32,$G$11:$G$18,0),MATCH(V$5,$H$10:$L$10,0)),L$20-3*INDEX($H$11:$L$19,MATCH($O32,$G$11:$G$18,0),MATCH(V$5,$H$10:$L$10,0))) -> 9 | W32: =X32*Q32 -> 4276800 | X32: =PRODUCT(R32:V32) -> 85536 | Y32: =(X32/$X$43)*Q32 -> 0.01368576
A33: CC | B33: WD | C33: DD | D33: FF | E33: GG | O33: SC | P33: 3 | Q33: ='Game Description'!$C$23 -> 10 | R33: =IF(G42=$O33,3*INDEX($H$11:$L$19,MATCH($O33,$G$11:$G$18,0),MATCH(R$5,$H$10:$L$10,0)),H$20-3*INDEX($H$11:$L$19,MATCH($O33,$G$11:$G$18,0),MATCH(R$5,$H$10:$L$10,0))) -> 44 | S33: =IF(H42=$O33,3*INDEX($H$11:$L$19,MATCH($O33,$G$11:$G$18,0),MATCH(S$5,$H$10:$L$10,0)),I$20-3*INDEX($H$11:$L$19,MATCH($O33,$G$11:$G$18,0),MATCH(S$5,$H$10:$L$10,0))) -> 6 | T33: =IF(I42=$O33,3*INDEX($H$11:$L$19,MATCH($O33,$G$11:$G$18,0),MATCH(T$5,$H$10:$L$10,0)),J$20-3*INDEX($H$11:$L$19,MATCH($O33,$G$11:$G$18,0),MATCH(T$5,$H$10:$L$10,0))) -> 6 | U33: =IF(J42=$O33,3*INDEX($H$11:$L$19,MATCH($O33,$G$11:$G$18,0),MATCH(U$5,$H$10:$L$10,0)),K$20-3*INDEX($H$11:$L$19,MATCH($O33,$G$11:$G$18,0),MATCH(U$5,$H$10:$L$10,0))) -> 6 | V33: =IF(K42=$O33,3*INDEX($H$11:$L$19,MATCH($O33,$G$11:$G$18,0),MATCH(V$5,$H$10:$L$10,0)),L$20-3*INDEX($H$11:$L$19,MATCH($O33,$G$11:$G$18,0),MATCH(V$5,$H$10:$L$10,0))) -> 41 | W33: =X33*Q33 -> 3896640 | X33: =PRODUCT(R33:V33) -> 389664 | Y33: =(X33/$X$43)*Q33 -> 0.012469248
A34: EE | B34: FF | C34: DD | D34: GG | E34: EE | O34: SC | P34: 3 | Q34: ='Game Description'!$C$23 -> 10 | R34: =IF(G43=$O34,3*INDEX($H$11:$L$19,MATCH($O34,$G$11:$G$18,0),MATCH(R$5,$H$10:$L$10,0)),H$20-3*INDEX($H$11:$L$19,MATCH($O34,$G$11:$G$18,0),MATCH(R$5,$H$10:$L$10,0))) -> 6 | S34: =IF(H43=$O34,3*INDEX($H$11:$L$19,MATCH($O34,$G$11:$G$18,0),MATCH(S$5,$H$10:$L$10,0)),I$20-3*INDEX($H$11:$L$19,MATCH($O34,$G$11:$G$18,0),MATCH(S$5,$H$10:$L$10,0))) -> 44 | T34: =IF(I43=$O34,3*INDEX($H$11:$L$19,MATCH($O34,$G$11:$G$18,0),MATCH(T$5,$H$10:$L$10,0)),J$20-3*INDEX($H$11:$L$19,MATCH($O34,$G$11:$G$18,0),MATCH(T$5,$H$10:$L$10,0))) -> 6 | U34: =IF(J43=$O34,3*INDEX($H$11:$L$19,MATCH($O34,$G$11:$G$18,0),MATCH(U$5,$H$10:$L$10,0)),K$20-3*INDEX($H$11:$L$19,MATCH($O34,$G$11:$G$18,0),MATCH(U$5,$H$10:$L$10,0))) -> 6 | V34: =IF(K43=$O34,3*INDEX($H$11:$L$19,MATCH($O34,$G$11:$G$18,0),MATCH(V$5,$H$10:$L$10,0)),L$20-3*INDEX($H$11:$L$19,MATCH($O34,$G$11:$G$18,0),MATCH(V$5,$H$10:$L$10,0))) -> 41 | W34: =X34*Q34 -> 3896640 | X34: =PRODUCT(R34:V34) -> 389664 | Y34: =(X34/$X$43)*Q34 -> 0.012469248
A35: WD | B35: EE | C35: DD | D35: WD | E35: EE | G35: SC Combination | O35: SC | P35: 3 | Q35: ='Game Description'!$C$23 -> 10 | R35: =IF(G44=$O35,3*INDEX($H$11:$L$19,MATCH($O35,$G$11:$G$18,0),MATCH(R$5,$H$10:$L$10,0)),H$20-3*INDEX($H$11:$L$19,MATCH($O35,$G$11:$G$18,0),MATCH(R$5,$H$10:$L$10,0))) -> 44 | S35: =IF(H44=$O35,3*INDEX($H$11:$L$19,MATCH($O35,$G$11:$G$18,0),MATCH(S$5,$H$10:$L$10,0)),I$20-3*INDEX($H$11:$L$19,MATCH($O35,$G$11:$G$18,0),MATCH(S$5,$H$10:$L$10,0))) -> 6 | T35: =IF(I44=$O35,3*INDEX($H$11:$L$19,MATCH($O35,$G$11:$G$18,0),MATCH(T$5,$H$10:$L$10,0)),J$20-3*INDEX($H$11:$L$19,MATCH($O35,$G$11:$G$18,0),MATCH(T$5,$H$10:$L$10,0))) -> 44 | U35: =IF(J44=$O35,3*INDEX($H$11:$L$19,MATCH($O35,$G$11:$G$18,0),MATCH(U$5,$H$10:$L$10,0)),K$20-3*INDEX($H$11:$L$19,MATCH($O35,$G$11:$G$18,0),MATCH(U$5,$H$10:$L$10,0))) -> 6 | V35: =IF(K44=$O35,3*INDEX($H$11:$L$19,MATCH($O35,$G$11:$G$18,0),MATCH(V$5,$H$10:$L$10,0)),L$20-3*INDEX($H$11:$L$19,MATCH($O35,$G$11:$G$18,0),MATCH(V$5,$H$10:$L$10,0))) -> 9 | W35: =X35*Q35 -> 6272640 | X35: =PRODUCT(R35:V35) -> 627264 | Y35: =(X35/$X$43)*Q35 -> 0.020072448
A36: EE | B36: GG | C36: GG | D36: WD | E36: WD | G36: SC | H36: SC | I36: SC | J36: SC | K36: SC | O36: SC | P36: 3 | Q36: ='Game Description'!$C$23 -> 10 | R36: =IF(G45=$O36,3*INDEX($H$11:$L$19,MATCH($O36,$G$11:$G$18,0),MATCH(R$5,$H$10:$L$10,0)),H$20-3*INDEX($H$11:$L$19,MATCH($O36,$G$11:$G$18,0),MATCH(R$5,$H$10:$L$10,0))) -> 6 | S36: =IF(H45=$O36,3*INDEX($H$11:$L$19,MATCH($O36,$G$11:$G$18,0),MATCH(S$5,$H$10:$L$10,0)),I$20-3*INDEX($H$11:$L$19,MATCH($O36,$G$11:$G$18,0),MATCH(S$5,$H$10:$L$10,0))) -> 44 | T36: =IF(I45=$O36,3*INDEX($H$11:$L$19,MATCH($O36,$G$11:$G$18,0),MATCH(T$5,$H$10:$L$10,0)),J$20-3*INDEX($H$11:$L$19,MATCH($O36,$G$11:$G$18,0),MATCH(T$5,$H$10:$L$10,0))) -> 6 | U36: =IF(J45=$O36,3*INDEX($H$11:$L$19,MATCH($O36,$G$11:$G$18,0),MATCH(U$5,$H$10:$L$10,0)),K$20-3*INDEX($H$11:$L$19,MATCH($O36,$G$11:$G$18,0),MATCH(U$5,$H$10:$L$10,0))) -> 44 | V36: =IF(K45=$O36,3*INDEX($H$11:$L$19,MATCH($O36,$G$11:$G$18,0),MATCH(V$5,$H$10:$L$10,0)),L$20-3*INDEX($H$11:$L$19,MATCH($O36,$G$11:$G$18,0),MATCH(V$5,$H$10:$L$10,0))) -> 9 | W36: =X36*Q36 -> 6272640 | X36: =PRODUCT(R36:V36) -> 627264 | Y36: =(X36/$X$43)*Q36 -> 0.020072448
A37: GG | B37: WD | C37: WD | D37: DD | E37: WD | G37: SC | H37: SC | I37: SC | J37: SC | K37: -- | O37: SC | P37: 3 | Q37: ='Game Description'!$C$23 -> 10 | R37: =IF(G46=$O37,3*INDEX($H$11:$L$19,MATCH($O37,$G$11:$G$18,0),MATCH(R$5,$H$10:$L$10,0)),H$20-3*INDEX($H$11:$L$19,MATCH($O37,$G$11:$G$18,0),MATCH(R$5,$H$10:$L$10,0))) -> 6 | S37: =IF(H46=$O37,3*INDEX($H$11:$L$19,MATCH($O37,$G$11:$G$18,0),MATCH(S$5,$H$10:$L$10,0)),I$20-3*INDEX($H$11:$L$19,MATCH($O37,$G$11:$G$18,0),MATCH(S$5,$H$10:$L$10,0))) -> 6 | T37: =IF(I46=$O37,3*INDEX($H$11:$L$19,MATCH($O37,$G$11:$G$18,0),MATCH(T$5,$H$10:$L$10,0)),J$20-3*INDEX($H$11:$L$19,MATCH($O37,$G$11:$G$18,0),MATCH(T$5,$H$10:$L$10,0))) -> 44 | U37: =IF(J46=$O37,3*INDEX($H$11:$L$19,MATCH($O37,$G$11:$G$18,0),MATCH(U$5,$H$10:$L$10,0)),K$20-3*INDEX($H$11:$L$19,MATCH($O37,$G$11:$G$18,0),MATCH(U$5,$H$10:$L$10,0))) -> 6 | V37: =IF(K46=$O37,3*INDEX($H$11:$L$19,MATCH($O37,$G$11:$G$18,0),MATCH(V$5,$H$10:$L$10,0)),L$20-3*INDEX($H$11:$L$19,MATCH($O37,$G$11:$G$18,0),MATCH(V$5,$H$10:$L$10,0))) -> 41 | W37: =X37*Q37 -> 3896640 | X37: =PRODUCT(R37:V37) -> 389664 | Y37: =(X37/$X$43)*Q37 -> 0.012469248
A38: GG | B38: WD | C38: FF | D38: DD | E38: FF | G38: SC | H38: SC | I38: SC | J38: -- | K38: SC | O38: SC | P38: 3 | Q38: ='Game Description'!$C$23 -> 10 | R38: =IF(G47=$O38,3*INDEX($H$11:$L$19,MATCH($O38,$G$11:$G$18,0),MATCH(R$5,$H$10:$L$10,0)),H$20-3*INDEX($H$11:$L$19,MATCH($O38,$G$11:$G$18,0),MATCH(R$5,$H$10:$L$10,0))) -> 44 | S38: =IF(H47=$O38,3*INDEX($H$11:$L$19,MATCH($O38,$G$11:$G$18,0),MATCH(S$5,$H$10:$L$10,0)),I$20-3*INDEX($H$11:$L$19,MATCH($O38,$G$11:$G$18,0),MATCH(S$5,$H$10:$L$10,0))) -> 6 | T38: =IF(I47=$O38,3*INDEX($H$11:$L$19,MATCH($O38,$G$11:$G$18,0),MATCH(T$5,$H$10:$L$10,0)),J$20-3*INDEX($H$11:$L$19,MATCH($O38,$G$11:$G$18,0),MATCH(T$5,$H$10:$L$10,0))) -> 6 | U38: =IF(J47=$O38,3*INDEX($H$11:$L$19,MATCH($O38,$G$11:$G$18,0),MATCH(U$5,$H$10:$L$10,0)),K$20-3*INDEX($H$11:$L$19,MATCH($O38,$G$11:$G$18,0),MATCH(U$5,$H$10:$L$10,0))) -> 44 | V38: =IF(K47=$O38,3*INDEX($H$11:$L$19,MATCH($O38,$G$11:$G$18,0),MATCH(V$5,$H$10:$L$10,0)),L$20-3*INDEX($H$11:$L$19,MATCH($O38,$G$11:$G$18,0),MATCH(V$5,$H$10:$L$10,0))) -> 9 | W38: =X38*Q38 -> 6272640 | X38: =PRODUCT(R38:V38) -> 627264 | Y38: =(X38/$X$43)*Q38 -> 0.020072448
A39: WD | B39: GG | C39: GG | D39: BB | E39: FF | G39: SC | H39: SC | I39: -- | J39: SC | K39: SC | O39: SC | P39: 3 | Q39: ='Game Description'!$C$23 -> 10 | R39: =IF(G48=$O39,3*INDEX($H$11:$L$19,MATCH($O39,$G$11:$G$18,0),MATCH(R$5,$H$10:$L$10,0)),H$20-3*INDEX($H$11:$L$19,MATCH($O39,$G$11:$G$18,0),MATCH(R$5,$H$10:$L$10,0))) -> 6 | S39: =IF(H48=$O39,3*INDEX($H$11:$L$19,MATCH($O39,$G$11:$G$18,0),MATCH(S$5,$H$10:$L$10,0)),I$20-3*INDEX($H$11:$L$19,MATCH($O39,$G$11:$G$18,0),MATCH(S$5,$H$10:$L$10,0))) -> 6 | T39: =IF(I48=$O39,3*INDEX($H$11:$L$19,MATCH($O39,$G$11:$G$18,0),MATCH(T$5,$H$10:$L$10,0)),J$20-3*INDEX($H$11:$L$19,MATCH($O39,$G$11:$G$18,0),MATCH(T$5,$H$10:$L$10,0))) -> 44 | U39: =IF(J48=$O39,3*INDEX($H$11:$L$19,MATCH($O39,$G$11:$G$18,0),MATCH(U$5,$H$10:$L$10,0)),K$20-3*INDEX($H$11:$L$19,MATCH($O39,$G$11:$G$18,0),MATCH(U$5,$H$10:$L$10,0))) -> 44 | V39: =IF(K48=$O39,3*INDEX($H$11:$L$19,MATCH($O39,$G$11:$G$18,0),MATCH(V$5,$H$10:$L$10,0)),L$20-3*INDEX($H$11:$L$19,MATCH($O39,$G$11:$G$18,0),MATCH(V$5,$H$10:$L$10,0))) -> 9 | W39: =X39*Q39 -> 6272640 | X39: =PRODUCT(R39:V39) -> 627264 | Y39: =(X39/$X$43)*Q39 -> 0.020072448
A40: WD | B40: FF | C40: WD | D40: DD | E40: SC | G40: SC | H40: -- | I40: SC | J40: SC | K40: SC | O40: SC | P40: 3 | Q40: ='Game Description'!$C$23 -> 10 | R40: =IF(G49=$O40,3*INDEX($H$11:$L$19,MATCH($O40,$G$11:$G$18,0),MATCH(R$5,$H$10:$L$10,0)),H$20-3*INDEX($H$11:$L$19,MATCH($O40,$G$11:$G$18,0),MATCH(R$5,$H$10:$L$10,0))) -> 6 | S40: =IF(H49=$O40,3*INDEX($H$11:$L$19,MATCH($O40,$G$11:$G$18,0),MATCH(S$5,$H$10:$L$10,0)),I$20-3*INDEX($H$11:$L$19,MATCH($O40,$G$11:$G$18,0),MATCH(S$5,$H$10:$L$10,0))) -> 44 | T40: =IF(I49=$O40,3*INDEX($H$11:$L$19,MATCH($O40,$G$11:$G$18,0),MATCH(T$5,$H$10:$L$10,0)),J$20-3*INDEX($H$11:$L$19,MATCH($O40,$G$11:$G$18,0),MATCH(T$5,$H$10:$L$10,0))) -> 44 | U40: =IF(J49=$O40,3*INDEX($H$11:$L$19,MATCH($O40,$G$11:$G$18,0),MATCH(U$5,$H$10:$L$10,0)),K$20-3*INDEX($H$11:$L$19,MATCH($O40,$G$11:$G$18,0),MATCH(U$5,$H$10:$L$10,0))) -> 6 | V40: =IF(K49=$O40,3*INDEX($H$11:$L$19,MATCH($O40,$G$11:$G$18,0),MATCH(V$5,$H$10:$L$10,0)),L$20-3*INDEX($H$11:$L$19,MATCH($O40,$G$11:$G$18,0),MATCH(V$5,$H$10:$L$10,0))) -> 9 | W40: =X40*Q40 -> 6272640 | X40: =PRODUCT(R40:V40) -> 627264 | Y40: =(X40/$X$43)*Q40 -> 0.020072448
A41: FF | B41: FF | C41: FF | D41: WD | E41: CC | G41: -- | H41: SC | I41: SC | J41: SC | K41: SC | O41: SC | P41: 3 | Q41: ='Game Description'!$C$23 -> 10 | R41: =IF(G50=$O41,3*INDEX($H$11:$L$19,MATCH($O41,$G$11:$G$18,0),MATCH(R$5,$H$10:$L$10,0)),H$20-3*INDEX($H$11:$L$19,MATCH($O41,$G$11:$G$18,0),MATCH(R$5,$H$10:$L$10,0))) -> 44 | S41: =IF(H50=$O41,3*INDEX($H$11:$L$19,MATCH($O41,$G$11:$G$18,0),MATCH(S$5,$H$10:$L$10,0)),I$20-3*INDEX($H$11:$L$19,MATCH($O41,$G$11:$G$18,0),MATCH(S$5,$H$10:$L$10,0))) -> 44 | T41: =IF(I50=$O41,3*INDEX($H$11:$L$19,MATCH($O41,$G$11:$G$18,0),MATCH(T$5,$H$10:$L$10,0)),J$20-3*INDEX($H$11:$L$19,MATCH($O41,$G$11:$G$18,0),MATCH(T$5,$H$10:$L$10,0))) -> 6 | U41: =IF(J50=$O41,3*INDEX($H$11:$L$19,MATCH($O41,$G$11:$G$18,0),MATCH(U$5,$H$10:$L$10,0)),K$20-3*INDEX($H$11:$L$19,MATCH($O41,$G$11:$G$18,0),MATCH(U$5,$H$10:$L$10,0))) -> 6 | V41: =IF(K50=$O41,3*INDEX($H$11:$L$19,MATCH($O41,$G$11:$G$18,0),MATCH(V$5,$H$10:$L$10,0)),L$20-3*INDEX($H$11:$L$19,MATCH($O41,$G$11:$G$18,0),MATCH(V$5,$H$10:$L$10,0))) -> 9 | W41: =X41*Q41 -> 6272640 | X41: =PRODUCT(R41:V41) -> 627264 | Y41: =(X41/$X$43)*Q41 -> 0.020072448
A42: FF | B42: FF | C42: DD | D42: FF | E42: CC | G42: -- | H42: SC | I42: SC | J42: SC | K42: -- | O42: SC | P42: 3 | Q42: ='Game Description'!$C$23 -> 10 | R42: =IF(G51=$O42,3*INDEX($H$11:$L$19,MATCH($O42,$G$11:$G$18,0),MATCH(R$5,$H$10:$L$10,0)),H$20-3*INDEX($H$11:$L$19,MATCH($O42,$G$11:$G$18,0),MATCH(R$5,$H$10:$L$10,0))) -> 6 | S42: =IF(H51=$O42,3*INDEX($H$11:$L$19,MATCH($O42,$G$11:$G$18,0),MATCH(S$5,$H$10:$L$10,0)),I$20-3*INDEX($H$11:$L$19,MATCH($O42,$G$11:$G$18,0),MATCH(S$5,$H$10:$L$10,0))) -> 6 | T42: =IF(I51=$O42,3*INDEX($H$11:$L$19,MATCH($O42,$G$11:$G$18,0),MATCH(T$5,$H$10:$L$10,0)),J$20-3*INDEX($H$11:$L$19,MATCH($O42,$G$11:$G$18,0),MATCH(T$5,$H$10:$L$10,0))) -> 6 | U42: =IF(J51=$O42,3*INDEX($H$11:$L$19,MATCH($O42,$G$11:$G$18,0),MATCH(U$5,$H$10:$L$10,0)),K$20-3*INDEX($H$11:$L$19,MATCH($O42,$G$11:$G$18,0),MATCH(U$5,$H$10:$L$10,0))) -> 44 | V42: =IF(K51=$O42,3*INDEX($H$11:$L$19,MATCH($O42,$G$11:$G$18,0),MATCH(V$5,$H$10:$L$10,0)),L$20-3*INDEX($H$11:$L$19,MATCH($O42,$G$11:$G$18,0),MATCH(V$5,$H$10:$L$10,0))) -> 41 | W42: =X42*Q42 -> 3896640 | X42: =PRODUCT(R42:V42) -> 389664 | Y42: =(X42/$X$43)*Q42 -> 0.012469248
A43: FF | B43: DD | C43: DD | D43: FF | E43: AA | G43: SC | H43: -- | I43: SC | J43: SC | K43: -- | W43: =SUM(W6:W42) -> 586916420 | X43: =PRODUCT(H20:L20) -> 312500000 | Y43: =SUM(Y6:Y42) -> 1.8781325 | Z43: =SUM(Y27:Y42) -> 0.25221888
A44: EE | B44: DD | C44: WD | D44: FF | E44: AA | G44: -- | H44: SC | I44: -- | J44: SC | K44: SC
A45: EE | B45: DD | C45: WD | D45: CC | E45: AA | G45: SC | H45: -- | I45: SC | J45: -- | K45: SC | Q45: Total win | S45: =SUM(W43,AJ30) -> 667086980 | V45: scatter trigger | X45: =X43/SUM(X27:X42) -> 54.54529
A46: CC | B46: DD | C46: DD | D46: CC | E46: FF | G46: SC | H46: SC | I46: -- | J46: SC | K46: -- | Q46: Total bet | S46: =X43 -> 312500000 | V46: Average free spins | X46: =10/(1-(1/X45)*U3) -> 12.244906
A47: BB | B47: BB | C47: DD | D47: CC | E47: BB | G47: -- | H47: SC | I47: SC | J47: -- | K47: SC | Q47: Total scatter hits | S47: =SUM(BaseGameReel!X27:X42) -> 4474656 | X47: =SUM(Y43+AL30) -> 2.1346783
A48: BB | B48: BB | C48: GG | D48: GG | E48: BB | G48: SC | H48: SC | I48: -- | J48: -- | K48: SC | V48: total rtp | W48: =(Y43+AL30)*(1/BaseGameReel!X45)*X46 -> 0.37428079
A49: GG | B49: BB | C49: GG | D49: GG | E49: WD | G49: SC | H49: -- | I49: -- | J49: SC | K49: SC | Q49: Average wins | S49: =S45/S47*(1/BaseGameReel!X45)*FreeGameReel!X46 -> 26.138936
A50: FF | B50: EE | C50: EE | D50: FF | E50: DD | G50: -- | H50: -- | I50: SC | J50: SC | K50: SC
A51: GG | B51: WD | C51: EE | D51: FF | E51: FF | G51: SC | H51: SC | I51: SC | J51: -- | K51: -- | R51: RTP | S51: =S45/S46 -> 2.1346783
A52: GG | B52: GG | C52: CC | D52: EE | E52: CC

Sheet Buy free spins
B1: Buy free Reel Strip | H1: Freegame Reel Strip
A2: Reel 1 | B2: Reel 2 | C2: Reel 3 | D2: Reel 4 | E2: Reel 5 | G2: Reel 1 | H2: Reel 2 | I2: Reel 3 | J2: Reel 4 | K2: Reel 5
A3: CC | B3: DD | C3: CC | D3: DD | E3: EE | G3: GG | H3: EE | I3: FF | J3: DD | K3: EE | W3: Base bet | X3: 20 | Z3: retrigger spins | AA3: 10
A4: AA | B4: BB | C4: AA | D4: GG | E4: EE | G4: GG | H4: EE | I4: FF | J4: GG | K4: EE
A5: SC | B5: SC | C5: SC | D5: EE | E5: EE | G5: GG | H5: EE | I5: FF | J5: EE | K5: EE | U5: Symbol | V5: Number | W5: Payout | X5: Reel 1 | Y5: Reel 2 | Z5: Reel 3 | AA5: Reel 4 | AB5: Reel 5 | AC5: Wins | AD5: Hits | AE5: RTP | AG5: Symbol | AH5: Symbols | AI5: Number | AJ5: Payout | AK5: Reel 1 | AL5: Reel 2 | AM5: Reel 3 | AN5: Reel 4 | AO5: Reel 5 | AQ5: Hits | AR5: RTP
A6: CC | B6: DD | C6: CC | D6: EE | E6: BB | G6: EE | H6: AA | I6: FF | J6: EE | K6: BB | U6: AA | V6: 5 | W6: ='Game Description'!E15 -> 200 | X6: =INDEX($N$11:$R$19,MATCH($U6,$M$11:$M$18,0),MATCH(X$5,$N$10:$R$10,0))+N$19 -> 8 | Y6: =INDEX($N$11:$R$19,MATCH($U6,$M$11:$M$18,0),MATCH(Y$5,$N$10:$R$10,0))+O$19 -> 12 | Z6: =INDEX($N$11:$R$19,MATCH($U6,$M$11:$M$18,0),MATCH(Z$5,$N$10:$R$10,0))+P$19 -> 11 | AA6: =INDEX($N$11:$R$19,MATCH($U6,$M$11:$M$18,0),MATCH(AA$5,$N$10:$R$10,0))+Q$19 -> 11 | AB6: =INDEX($N$11:$R$19,MATCH($U6,$M$11:$M$18,0),MATCH(AB$5,$N$10:$R$10,0))+R$19 -> 10 | AC6: =AD6*W6 -> 18175200 | AD6: =PRODUCT(X6:AB6)-AQ6-AQ8-AQ27 -> 90876 | AE6: =(AD6/$AD$43)*W6 -> 0.05816064 | AG6: WD | AH6: AA | AI6: 4 | AJ6: ='Game Description'!$D$22 -> 400 | AK6: =INDEX($N$11:$R$19,MATCH($AG6,$M$11:$M$19,0),MATCH(X$5,$N$10:$R$10,0)) -> 6 | AL6: =INDEX($N$11:$R$19,MATCH($AG6,$M$11:$M$19,0),MATCH(Y$5,$N$10:$R$10,0)) -> 7 | AM6: =INDEX($N$11:$R$19,MATCH($AG6,$M$11:$M$19,0),MATCH(Z$5,$N$10:$R$10,0)) -> 7 | AN6: =INDEX($N$11:$R$19,MATCH($AG6,$M$11:$M$19,0),MATCH(AA$5,$N$10:$R$10,0)) -> 7 | AO6: =INDEX($N$11:$R$19,MATCH("AA",$M$11:$M$19,0),MATCH(AO$5,$N$10:$R$10,0)) -> 4 | AP6: =AR6*$AD$43 -> 3292800 | AQ6: =PRODUCT(AK6:AO6) -> 8232 | AR6: =IF(AJ6>W6,AJ6,W6)*(AQ6/$AD$43) -> 0.01053696
A7: AA | B7: BB | C7: AA | D7: SC | E7: EE | G7: BB | H7: GG | I7: GG | J7: SC | K7: EE | U7: AA | V7: 4 | W7: ='Game Description'!D15 -> 100 | X7: =INDEX($N$11:$R$19,MATCH($U7,$M$11:$M$18,0),MATCH(X$5,$N$10:$R$10,0))+N$19 -> 8 | Y7: =INDEX($N$11:$R$19,MATCH($U7,$M$11:$M$18,0),MATCH(Y$5,$N$10:$R$10,0))+O$19 -> 12 | Z7: =INDEX($N$11:$R$19,MATCH($U7,$M$11:$M$18,0),MATCH(Z$5,$N$10:$R$10,0))+P$19 -> 11 | AA7: =INDEX($N$11:$R$19,MATCH($U7,$M$11:$M$18,0),MATCH(AA$5,$N$10:$R$10,0))+Q$19 -> 11 | AB7: =R$20-(R$19+INDEX($N$11:$R$19,MATCH($U7,$M$11:$M$17,0),MATCH(AB$5,$N$10:$R$10,0))) -> 40 | AC7: =AD7*W7 -> 33528000 | AD7: =PRODUCT(X7:AB7)-PRODUCT($N$19:$Q$19)*$AB7-$AQ7 -> 335280 | AE7: =(AD7/$AD$43)*W7 -> 0.1072896 | AG7: WD | AH7: AA | AI7: 3 | AJ7: ='Game Description'!$C$22 -> 40 | AK7: =INDEX($N$11:$R$19,MATCH($AG7,$M$11:$M$19,0),MATCH(X$5,$N$10:$R$10,0)) -> 6 | AL7: =INDEX($N$11:$R$19,MATCH($AG7,$M$11:$M$19,0),MATCH(Y$5,$N$10:$R$10,0)) -> 7 | AM7: =INDEX($N$11:$R$19,MATCH($AG7,$M$11:$M$19,0),MATCH(Z$5,$N$10:$R$10,0)) -> 7 | AN7: =INDEX($N$11:$R$19,MATCH("AA",$M$11:$M$19,0),MATCH(AN$5,$N$10:$R$10,0)) -> 4 | AO7: =$R$20-R$19-R11 -> 40 | AP7: =AR7*$AD$43 -> 4704000 | AQ7: =PRODUCT(AK7:AO7) -> 47040 | AR7: =IF(AJ7>W7,AJ7,W7)*(AQ7/$AD$43) -> 0.0150528
A8: SC | B8: SC | C8: SC | D8: BB | E8: CC | G8: WD | H8: WD | I8: SC | J8: WD | K8: CC | U8: AA | V8: 3 | W8: ='Game Description'!C15 -> 20 | X8: =INDEX($N$11:$R$19,MATCH($U8,$M$11:$M$18,0),MATCH(X$5,$N$10:$R$10,0))+N$19 -> 8 | Y8: =INDEX($N$11:$R$19,MATCH($U8,$M$11:$M$18,0),MATCH(Y$5,$N$10:$R$10,0))+O$19 -> 12 | Z8: =INDEX($N$11:$R$19,MATCH($U8,$M$11:$M$18,0),MATCH(Z$5,$N$10:$R$10,0))+P$19 -> 11 | AA8: =Q$20-(Q$19+INDEX($N$11:$R$19,MATCH($U8,$M$11:$M$18,0),MATCH(AA$5,$N$10:$R$10,0))) -> 39 | AB8: =$R$20 -> 50 | AC8: =AD8*W8 -> 29718000 | AD8: =PRODUCT(X8:AB8)- PRODUCT($N$19:$P$19)*AA8*AB8 -> 1485900 | AE8: =(AD8/$AD$43)*W8 -> 0.0950976 | AG8: WD | AH8: AA | AI8: 3 | AJ8: ='Game Description'!$C$22 -> 40 | AK8: =INDEX($N$11:$R$19,MATCH($AG8,$M$11:$M$19,0),MATCH(X$5,$N$10:$R$10,0)) -> 6 | AL8: =INDEX($N$11:$R$19,MATCH($AG8,$M$11:$M$19,0),MATCH(Y$5,$N$10:$R$10,0)) -> 7 | AM8: =INDEX($N$11:$R$19,MATCH($AG8,$M$11:$M$19,0),MATCH(Z$5,$N$10:$R$10,0)) -> 7 | AN8: =INDEX($N$11:$R$19,MATCH("AA",$M$11:$M$19,0),MATCH(AN$5,$N$10:$R$10,0)) -> 4 | AO8: =R11 -> 4 | AP8: =AR8*$AD$43 -> 940800 | AQ8: =PRODUCT(AK8:AO8) -> 4704 | AR8: =IF(AJ8>W6,AJ8,W6)*(AQ8/$AD$43) -> 0.00301056
A9: AA | B9: BB | C9: AA | D9: EE | E9: FF | G9: WD | H9: CC | I9: BB | J9: EE | K9: FF | M9: With | U9: BB | V9: 5 | W9: ='Game Description'!E16 -> 200 | X9: =INDEX($N$11:$R$19,MATCH($U9,$M$11:$M$18,0),MATCH(X$5,$N$10:$R$10,0))+N$19 -> 10 | Y9: =INDEX($N$11:$R$19,MATCH($U9,$M$11:$M$18,0),MATCH(Y$5,$N$10:$R$10,0))+O$19 -> 11 | Z9: =INDEX($N$11:$R$19,MATCH($U9,$M$11:$M$18,0),MATCH(Z$5,$N$10:$R$10,0))+P$19 -> 11 | AA9: =INDEX($N$11:$R$19,MATCH($U9,$M$11:$M$18,0),MATCH(AA$5,$N$10:$R$10,0))+Q$19 -> 10 | AB9: =INDEX($N$11:$R$19,MATCH($U9,$M$11:$M$18,0),MATCH(AB$5,$N$10:$R$10,0))+R$19 -> 9 | AC9: =AD9*W9 -> 17546400 | AD9: =PRODUCT(X9:AB9)-AQ9-AQ11-AQ27 -> 87732 | AE9: =(AD9/$AD$43)*W9 -> 0.05614848 | AF9: =SUM(AE6:AE8) -> 0.26054784 | AG9: WD | AH9: BB | AI9: 4 | AJ9: ='Game Description'!$D$22 -> 400 | AK9: =INDEX($N$11:$R$19,MATCH($AG9,$M$11:$M$19,0),MATCH(X$5,$N$10:$R$10,0)) -> 6 | AL9: =INDEX($N$11:$R$19,MATCH($AG9,$M$11:$M$19,0),MATCH(Y$5,$N$10:$R$10,0)) -> 7 | AM9: =INDEX($N$11:$R$19,MATCH($AG9,$M$11:$M$19,0),MATCH(Z$5,$N$10:$R$10,0)) -> 7 | AN9: =INDEX($N$11:$R$19,MATCH($AG9,$M$11:$M$19,0),MATCH(AA$5,$N$10:$R$10,0)) -> 7 | AO9: =INDEX($N$11:$R$19,MATCH("BB",$M$11:$M$19,0),MATCH(AO$5,$N$10:$R$10,0)) -> 3 | AP9: =AR9*$AD$43 -> 2469600 | AQ9: =PRODUCT(AK9:AO9) -> 6174 | AR9: =IF(AJ9>W9,AJ9,W9)*(AQ9/$AD$43) -> 0.00790272
A10: CC | B10: DD | C10: CC | D10: EE | E10: EE | G10: AA | H10: EE | I10: BB | J10: EE | K10: EE | M10: Symbol | N10: Reel 1 | O10: Reel 2 | P10: Reel 3 | Q10: Reel 4 | R10: Reel 5 | U10: BB | V10: 4 | W10: ='Game Description'!D16 -> 100 | X10: =INDEX($N$11:$R$19,MATCH($U10,$M$11:$M$18,0),MATCH(X$5,$N$10:$R$10,0))+N$19 -> 10 | Y10: =INDEX($N$11:$R$19,MATCH($U10,$M$11:$M$18,0),MATCH(Y$5,$N$10:$R$10,0))+O$19 -> 11 | Z10: =INDEX($N$11:$R$19,MATCH($U10,$M$11:$M$18,0),MATCH(Z$5,$N$10:$R$10,0))+P$19 -> 11 | AA10: =INDEX($N$11:$R$19,MATCH($U10,$M$11:$M$18,0),MATCH(AA$5,$N$10:$R$10,0))+Q$19 -> 10 | AB10: =R$20-(R$19+INDEX($N$11:$R$19,MATCH($U10,$M$11:$M$17,0),MATCH(AB$5,$N$10:$R$10,0))) -> 41 | AC10: =AD10*W10 -> 37556000 | AD10: =PRODUCT(X10:AB10)-PRODUCT($N$19:$Q$19)*$AB10-$AQ10 -> 375560 | AE10: =(AD10/$AD$43)*W10 -> 0.1201792 | AG10: WD | AH10: BB | AI10: 3 | AJ10: ='Game Description'!$C$22 -> 40 | AK10: =INDEX($N$11:$R$19,MATCH($AG10,$M$11:$M$19,0),MATCH(X$5,$N$10:$R$10,0)) -> 6 | AL10: =INDEX($N$11:$R$19,MATCH($AG10,$M$11:$M$19,0),MATCH(Y$5,$N$10:$R$10,0)) -> 7 | AM10: =INDEX($N$11:$R$19,MATCH($AG10,$M$11:$M$19,0),MATCH(Z$5,$N$10:$R$10,0)) -> 7 | AN10: =INDEX($N$11:$R$19,MATCH("BB",$M$11:$M$19,0),MATCH(AN$5,$N$10:$R$10,0)) -> 3 | AO10: =$R$20-R$19-R12 -> 41 | AP10: =AR10*$AD$43 -> 3616200 | AQ10: =PRODUCT(AK10:AO10) -> 36162 | AR10: =IF(AJ10>W10,AJ10,W10)*(AQ10/$AD$43) -> 0.01157184
A11: SC | B11: SC | C11: SC | D11: GG | E11: AA | G11: AA | H11: SC | I11: BB | J11: GG | K11: SC | M11: AA | N11: =COUNTIF(G$1:G$899,$M11) -> 2 | O11: =COUNTIF(H$1:H$899,$M11) -> 5 | P11: =COUNTIF(I$1:I$899,$M11) -> 4 | Q11: =COUNTIF(J$1:J$899,$M11) -> 4 | R11: =COUNTIF(K$1:K$899,$M11) -> 4 | U11: BB | V11: 3 | W11: ='Game Description'!C16 -> 20 | X11: =INDEX($N$11:$R$19,MATCH($U11,$M$11:$M$18,0),MATCH(X$5,$N$10:$R$10,0))+N$19 -> 10 | Y11: =INDEX($N$11:$R$19,MATCH($U11,$M$11:$M$18,0),MATCH(Y$5,$N$10:$R$10,0))+O$19 -> 11 | Z11: =INDEX($N$11:$R$19,MATCH($U11,$M$11:$M$18,0),MATCH(Z$5,$N$10:$R$10,0))+P$19 -> 11 | AA11: =Q$20-(Q$19+INDEX($N$11:$R$19,MATCH($U11,$M$11:$M$18,0),MATCH(AA$5,$N$10:$R$10,0))) -> 40 | AB11: =$R$20 -> 50 | AC11: =AD11*W11 -> 36640000 | AD11: =PRODUCT(X11:AB11)- PRODUCT($N$19:$P$19)*AA11*AB11 -> 1832000 | AE11: =AD11/$AD$43*W11 -> 0.117248 | AG11: WD | AH11: BB | AI11: 3 | AJ11: ='Game Description'!$C$22 -> 40 | AK11: =INDEX($N$11:$R$19,MATCH($AG11,$M$11:$M$19,0),MATCH(X$5,$N$10:$R$10,0)) -> 6 | AL11: =INDEX($N$11:$R$19,MATCH($AG11,$M$11:$M$19,0),MATCH(Y$5,$N$10:$R$10,0)) -> 7 | AM11: =INDEX($N$11:$R$19,MATCH($AG11,$M$11:$M$19,0),MATCH(Z$5,$N$10:$R$10,0)) -> 7 | AN11: =INDEX($N$11:$R$19,MATCH("BB",$M$11:$M$19,0),MATCH(AN$5,$N$10:$R$10,0)) -> 3 | AO11: =R12 -> 3 | AP11: =AR11*$AD$43 -> 529200 | AQ11: =PRODUCT(AK11:AO11) -> 2646 | AR11: =IF(AJ11>W9,AJ11,W9)*(AQ11/$AD$43) -> 0.00169344
A12: EE | B12: FF | C12: EE | D12: CC | E12: GG | G12: GG | H12: AA | I12: GG | J12: CC | K12: GG | M12: BB | N12: =COUNTIF(G$1:G$899,$M12) -> 4 | O12: =COUNTIF(H$1:H$899,$M12) -> 4 | P12: =COUNTIF(I$1:I$899,$M12) -> 4 | Q12: =COUNTIF(J$1:J$899,$M12) -> 3 | R12: =COUNTIF(K$1:K$899,$M12) -> 3 | U12: CC | V12: 5 | W12: ='Game Description'!E17 -> 200 | X12: =INDEX($N$11:$R$19,MATCH($U12,$M$11:$M$18,0),MATCH(X$5,$N$10:$R$10,0))+N$19 -> 10 | Y12: =INDEX($N$11:$R$19,MATCH($U12,$M$11:$M$18,0),MATCH(Y$5,$N$10:$R$10,0))+O$19 -> 11 | Z12: =INDEX($N$11:$R$19,MATCH($U12,$M$11:$M$18,0),MATCH(Z$5,$N$10:$R$10,0))+P$19 -> 9 | AA12: =INDEX($N$11:$R$19,MATCH($U12,$M$11:$M$18,0),MATCH(AA$5,$N$10:$R$10,0))+Q$19 -> 12 | AB12: =INDEX($N$11:$R$19,MATCH($U12,$M$11:$M$18,0),MATCH(AB$5,$N$10:$R$10,0))+R$19 -> 12 | AC12: =AD12*W12 -> 21808800 | AD12: =PRODUCT(X12:AB12)-AQ12-AQ14-AQ27 -> 109044 | AE12: =(AD12/$AD$43)*W12 -> 0.06978816 | AF12: =SUM(AE9:AE11) -> 0.29357568 | AG12: WD | AH12: CC | AI12: 4 | AJ12: ='Game Description'!$D$22 -> 400 | AK12: =INDEX($N$11:$R$19,MATCH($AG12,$M$11:$M$19,0),MATCH(X$5,$N$10:$R$10,0)) -> 6 | AL12: =INDEX($N$11:$R$19,MATCH($AG12,$M$11:$M$19,0),MATCH(Y$5,$N$10:$R$10,0)) -> 7 | AM12: =INDEX($N$11:$R$19,MATCH($AG12,$M$11:$M$19,0),MATCH(Z$5,$N$10:$R$10,0)) -> 7 | AN12: =INDEX($N$11:$R$19,MATCH($AG12,$M$11:$M$19,0),MATCH(AA$5,$N$10:$R$10,0)) -> 7 | AO12: =INDEX($N$11:$R$19,MATCH("CC",$M$11:$M$19,0),MATCH(AO$5,$N$10:$R$10,0)) -> 6 | AP12: =AR12*$AD$43 -> 4939200 | AQ12: =PRODUCT(AK12:AO12) -> 12348 | AR12: =IF(AJ12>W12,AJ12,W12)*(AQ12/$AD$43) -> 0.01580544
A13: AA | B13: BB | C13: AA | D13: AA | E13: DD | G13: WD | H13: FF | I13: AA | J13: WD | K13: DD | M13: CC | N13: =COUNTIF(G$1:G$899,$M13) -> 4 | O13: =COUNTIF(H$1:H$899,$M13) -> 4 | P13: =COUNTIF(I$1:I$899,$M13) -> 2 | Q13: =COUNTIF(J$1:J$899,$M13) -> 5 | R13: =COUNTIF(K$1:K$899,$M13) -> 6 | U13: CC | V13: 4 | W13: ='Game Description'!D17 -> 100 | X13: =INDEX($N$11:$R$19,MATCH($U13,$M$11:$M$18,0),MATCH(X$5,$N$10:$R$10,0))+N$19 -> 10 | Y13: =INDEX($N$11:$R$19,MATCH($U13,$M$11:$M$18,0),MATCH(Y$5,$N$10:$R$10,0))+O$19 -> 11 | Z13: =INDEX($N$11:$R$19,MATCH($U13,$M$11:$M$18,0),MATCH(Z$5,$N$10:$R$10,0))+P$19 -> 9 | AA13: =INDEX($N$11:$R$19,MATCH($U13,$M$11:$M$18,0),MATCH(AA$5,$N$10:$R$10,0))+Q$19 -> 12 | AB13: =R$20-(R$19+INDEX($N$11:$R$19,MATCH($U13,$M$11:$M$17,0),MATCH(AB$5,$N$10:$R$10,0))) -> 38 | AC13: =AD13*W13 -> 31737600 | AD13: =PRODUCT(X13:AB13)-PRODUCT($N$19:$Q$19)*$AB13-$AQ13 -> 317376 | AE13: =(AD13/$AD$43)*W13 -> 0.10156032 | AG13: WD | AH13: CC | AI13: 3 | AJ13: ='Game Description'!$C$22 -> 40 | AK13: =INDEX($N$11:$R$19,MATCH($AG13,$M$11:$M$19,0),MATCH(X$5,$N$10:$R$10,0)) -> 6 | AL13: =INDEX($N$11:$R$19,MATCH($AG13,$M$11:$M$19,0),MATCH(Y$5,$N$10:$R$10,0)) -> 7 | AM13: =INDEX($N$11:$R$19,MATCH($AG13,$M$11:$M$19,0),MATCH(Z$5,$N$10:$R$10,0)) -> 7 | AN13: =INDEX($N$11:$R$19,MATCH("CC",$M$11:$M$19,0),MATCH(AN$5,$N$10:$R$10,0)) -> 5 | AO13: =$R$20-R$19-R13 -> 38 | AP13: =AR13*$AD$43 -> 5586000 | AQ13: =PRODUCT(AK13:AO13) -> 55860 | AR13: =IF(AJ13>W13,AJ13,W13)*(AQ13/$AD$43) -> 0.0178752
A14: SC | B14: SC | C14: SC | D14: GG | E14: AA | G14: WD | H14: DD | I14: AA | J14: WD | K14: WD | M14: DD | N14: =COUNTIF(G$1:G$899,$M14) -> 6 | O14: =COUNTIF(H$1:H$899,$M14) -> 6 | P14: =COUNTIF(I$1:I$899,$M14) -> 7 | Q14: =COUNTIF(J$1:J$899,$M14) -> 8 | R14: =COUNTIF(K$1:K$899,$M14) -> 7 | U14: CC | V14: 3 | W14: ='Game Description'!C17 -> 20 | X14: =INDEX($N$11:$R$19,MATCH($U14,$M$11:$M$18,0),MATCH(X$5,$N$10:$R$10,0))+N$19 -> 10 | Y14: =INDEX($N$11:$R$19,MATCH($U14,$M$11:$M$18,0),MATCH(Y$5,$N$10:$R$10,0))+O$19 -> 11 | Z14: =INDEX($N$11:$R$19,MATCH($U14,$M$11:$M$18,0),MATCH(Z$5,$N$10:$R$10,0))+P$19 -> 9 | AA14: =Q$20-(Q$19+INDEX($N$11:$R$19,MATCH($U14,$M$11:$M$18,0),MATCH(AA$5,$N$10:$R$10,0))) -> 38 | AB14: =$R$20 -> 50 | AC14: =AD14*W14 -> 26448000 | AD14: =PRODUCT(X14:AB14)- PRODUCT($N$19:$P$19)*AA14*AB14 -> 1322400 | AE14: =(AD14/$AD$43)*W14 -> 0.0846336 | AG14: WD | AH14: CC | AI14: 3 | AJ14: ='Game Description'!$C$22 -> 40 | AK14: =INDEX($N$11:$R$19,MATCH($AG14,$M$11:$M$19,0),MATCH(X$5,$N$10:$R$10,0)) -> 6 | AL14: =INDEX($N$11:$R$19,MATCH($AG14,$M$11:$M$19,0),MATCH(Y$5,$N$10:$R$10,0)) -> 7 | AM14: =INDEX($N$11:$R$19,MATCH($AG14,$M$11:$M$19,0),MATCH(Z$5,$N$10:$R$10,0)) -> 7 | AN14: =INDEX($N$11:$R$19,MATCH("CC",$M$11:$M$19,0),MATCH(AN$5,$N$10:$R$10,0)) -> 5 | AO14: =R13 -> 6 | AP14: =AR14*$AD$43 -> 1764000 | AQ14: =PRODUCT(AK14:AO14) -> 8820 | AR14: =IF(AJ14>W12,AJ14,W12)*(AQ14/$AD$43) -> 0.0056448
A15: GG | B15: BB | C15: GG | D15: GG | E15: BB | G15: GG | H15: GG | I15: AA | J15: GG | K15: WD | M15: EE | N15: =COUNTIF(G$1:G$899,$M15) -> 7 | O15: =COUNTIF(H$1:H$899,$M15) -> 6 | P15: =COUNTIF(I$1:I$899,$M15) -> 6 | Q15: =COUNTIF(J$1:J$899,$M15) -> 6 | R15: =COUNTIF(K$1:K$899,$M15) -> 7 | U15: DD | V15: 5 | W15: ='Game Description'!E18 -> 100 | X15: =INDEX($N$11:$R$19,MATCH($U15,$M$11:$M$18,0),MATCH(X$5,$N$10:$R$10,0))+N$19 -> 12 | Y15: =INDEX($N$11:$R$19,MATCH($U15,$M$11:$M$18,0),MATCH(Y$5,$N$10:$R$10,0))+O$19 -> 13 | Z15: =INDEX($N$11:$R$19,MATCH($U15,$M$11:$M$18,0),MATCH(Z$5,$N$10:$R$10,0))+P$19 -> 14 | AA15: =INDEX($N$11:$R$19,MATCH($U15,$M$11:$M$18,0),MATCH(AA$5,$N$10:$R$10,0))+Q$19 -> 15 | AB15: =INDEX($N$11:$R$19,MATCH($U15,$M$11:$M$18,0),MATCH(AB$5,$N$10:$R$10,0))+R$19 -> 13 | AC15: =AD15*W15 -> 38266200 | AD15: =PRODUCT(X15:AB15)-AQ15-AQ17-AQ27 -> 382662 | AE15: =(AD15/$AD$43)*W15 -> 0.12245184 | AF15: =SUM(AE12:AE14) -> 0.25598208 | AG15: WD | AH15: DD | AI15: 4 | AJ15: ='Game Description'!$D$22 -> 400 | AK15: =INDEX($N$11:$R$19,MATCH($AG15,$M$11:$M$19,0),MATCH(X$5,$N$10:$R$10,0)) -> 6 | AL15: =INDEX($N$11:$R$19,MATCH($AG15,$M$11:$M$19,0),MATCH(Y$5,$N$10:$R$10,0)) -> 7 | AM15: =INDEX($N$11:$R$19,MATCH($AG15,$M$11:$M$19,0),MATCH(Z$5,$N$10:$R$10,0)) -> 7 | AN15: =INDEX($N$11:$R$19,MATCH($AG15,$M$11:$M$19,0),MATCH(AA$5,$N$10:$R$10,0)) -> 7 | AO15: =INDEX($N$11:$R$19,MATCH("DD",$M$11:$M$19,0),MATCH(AO$5,$N$10:$R$10,0)) -> 7 | AP15: =AR15*$AD$43 -> 5762400 | AQ15: =PRODUCT(AK15:AO15) -> 14406 | AR15: =IF(AJ15>W15,AJ15,W15)*(AQ15/$AD$43) -> 0.01843968
A16: CC | B16: DD | C16: CC | D16: EE | E16: DD | G16: DD | H16: GG | I16: WD | J16: DD | K16: DD | M16: FF | N16: =COUNTIF(G$1:G$899,$M16) -> 9 | O16: =COUNTIF(H$1:H$899,$M16) -> 8 | P16: =COUNTIF(I$1:I$899,$M16) -> 9 | Q16: =COUNTIF(J$1:J$899,$M16) -> 7 | R16: =COUNTIF(K$1:K$899,$M16) -> 9 | U16: DD | V16: 4 | W16: ='Game Description'!D18 -> 20 | X16: =INDEX($N$11:$R$19,MATCH($U16,$M$11:$M$18,0),MATCH(X$5,$N$10:$R$10,0))+N$19 -> 12 | Y16: =INDEX($N$11:$R$19,MATCH($U16,$M$11:$M$18,0),MATCH(Y$5,$N$10:$R$10,0))+O$19 -> 13 | Z16: =INDEX($N$11:$R$19,MATCH($U16,$M$11:$M$18,0),MATCH(Z$5,$N$10:$R$10,0))+P$19 -> 14 | AA16: =INDEX($N$11:$R$19,MATCH($U16,$M$11:$M$18,0),MATCH(AA$5,$N$10:$R$10,0))+Q$19 -> 15 | AB16: =R$20-(R$19+INDEX($N$11:$R$19,MATCH($U16,$M$11:$M$17,0),MATCH(AB$5,$N$10:$R$10,0))) -> 37 | AC16: =AD16*W16 -> 20979000 | AD16: =PRODUCT(X16:AB16)-PRODUCT($N$19:$Q$19)*$AB16-$AQ16 -> 1048950 | AE16: =(AD16/$AD$43)*W16 -> 0.0671328 | AG16: WD | AH16: DD | AI16: 3 | AJ16: ='Game Description'!$C$22 -> 40 | AK16: =INDEX($N$11:$R$19,MATCH($AG16,$M$11:$M$19,0),MATCH(X$5,$N$10:$R$10,0)) -> 6 | AL16: =INDEX($N$11:$R$19,MATCH($AG16,$M$11:$M$19,0),MATCH(Y$5,$N$10:$R$10,0)) -> 7 | AM16: =INDEX($N$11:$R$19,MATCH($AG16,$M$11:$M$19,0),MATCH(Z$5,$N$10:$R$10,0)) -> 7 | AN16: =INDEX($N$11:$R$19,MATCH("DD",$M$11:$M$19,0),MATCH(AN$5,$N$10:$R$10,0)) -> 8 | AO16: =$R$20-R$19-R14 -> 37 | AP16: =AR16*$AD$43 -> 3480960 | AQ16: =PRODUCT(AK16:AO16) -> 87024 | AR16: =IF(AJ16>W16,AJ16,W16)*(AQ16/$AD$43) -> 0.011139072
A17: SC | B17: SC | C17: SC | D17: GG | E17: GG | G17: DD | H17: CC | I17: WD | J17: GG | K17: GG | M17: GG | N17: =COUNTIF(G$1:G$899,$M17) -> 11 | O17: =COUNTIF(H$1:H$899,$M17) -> 9 | P17: =COUNTIF(I$1:I$899,$M17) -> 9 | Q17: =COUNTIF(J$1:J$899,$M17) -> 8 | R17: =COUNTIF(K$1:K$899,$M17) -> 7 | U17: DD | V17: 3 | W17: ='Game Description'!C18 -> 5 | X17: =INDEX($N$11:$R$19,MATCH($U17,$M$11:$M$18,0),MATCH(X$5,$N$10:$R$10,0))+N$19 -> 12 | Y17: =INDEX($N$11:$R$19,MATCH($U17,$M$11:$M$18,0),MATCH(Y$5,$N$10:$R$10,0))+O$19 -> 13 | Z17: =INDEX($N$11:$R$19,MATCH($U17,$M$11:$M$18,0),MATCH(Z$5,$N$10:$R$10,0))+P$19 -> 14 | AA17: =Q$20-(Q$19+INDEX($N$11:$R$19,MATCH($U17,$M$11:$M$18,0),MATCH(AA$5,$N$10:$R$10,0))) -> 35 | AB17: =$R$20 -> 50 | AC17: =AD17*W17 -> 16537500 | AD17: =PRODUCT(X17:AB17)- PRODUCT($N$19:$P$19)*AA17*AB17 -> 3307500 | AE17: =(AD17/$AD$43)*W17 -> 0.05292 | AG17: WD | AH17: DD | AI17: 3 | AJ17: ='Game Description'!$C$22 -> 40 | AK17: =INDEX($N$11:$R$19,MATCH($AG17,$M$11:$M$19,0),MATCH(X$5,$N$10:$R$10,0)) -> 6 | AL17: =INDEX($N$11:$R$19,MATCH($AG17,$M$11:$M$19,0),MATCH(Y$5,$N$10:$R$10,0)) -> 7 | AM17: =INDEX($N$11:$R$19,MATCH($AG17,$M$11:$M$19,0),MATCH(Z$5,$N$10:$R$10,0)) -> 7 | AN17: =INDEX($N$11:$R$19,MATCH("DD",$M$11:$M$19,0),MATCH(AN$5,$N$10:$R$10,0)) -> 8 | AO17: =R14 -> 7 | AP17: =AR17*$AD$43 -> 1646400 | AQ17: =PRODUCT(AK17:AO17) -> 16464 | AR17: =IF(AJ17>W15,AJ17,W15)*(AQ17/$AD$43) -> 0.00526848
A18: GG | B18: BB | C18: GG | D18: FF | E18: GG | G18: DD | H18: DD | I18: CC | J18: FF | K18: GG | M18: SC | N18: =COUNTIF(G$1:G$899,$M18) -> 1 | O18: =COUNTIF(H$1:H$899,$M18) -> 1 | P18: =COUNTIF(I$1:I$899,$M18) -> 2 | Q18: =COUNTIF(J$1:J$899,$M18) -> 2 | R18: =COUNTIF(K$1:K$899,$M18) -> 1 | U18: EE | V18: 5 | W18: ='Game Description'!E19 -> 100 | X18: =INDEX($N$11:$R$19,MATCH($U18,$M$11:$M$18,0),MATCH(X$5,$N$10:$R$10,0))+N$19 -> 13 | Y18: =INDEX($N$11:$R$19,MATCH($U18,$M$11:$M$18,0),MATCH(Y$5,$N$10:$R$10,0))+O$19 -> 13 | Z18: =INDEX($N$11:$R$19,MATCH($U18,$M$11:$M$18,0),MATCH(Z$5,$N$10:$R$10,0))+P$19 -> 13 | AA18: =INDEX($N$11:$R$19,MATCH($U18,$M$11:$M$18,0),MATCH(AA$5,$N$10:$R$10,0))+Q$19 -> 13 | AB18: =INDEX($N$11:$R$19,MATCH($U18,$M$11:$M$18,0),MATCH(AB$5,$N$10:$R$10,0))+R$19 -> 13 | AC18: =AD18*W18 -> 33219100 | AD18: =PRODUCT(X18:AB18)-AQ18-AQ20-AQ27 -> 332191 | AE18: =(AD18/$AD$43)*W18 -> 0.10630112 | AF18: =SUM(AE15:AE17) -> 0.24250464 | AG18: WD | AH18: EE | AI18: 4 | AJ18: ='Game Description'!$D$22 -> 400 | AK18: =INDEX($N$11:$R$19,MATCH($AG18,$M$11:$M$19,0),MATCH(X$5,$N$10:$R$10,0)) -> 6 | AL18: =INDEX($N$11:$R$19,MATCH($AG18,$M$11:$M$19,0),MATCH(Y$5,$N$10:$R$10,0)) -> 7 | AM18: =INDEX($N$11:$R$19,MATCH($AG18,$M$11:$M$19,0),MATCH(Z$5,$N$10:$R$10,0)) -> 7 | AN18: =INDEX($N$11:$R$19,MATCH($AG18,$M$11:$M$19,0),MATCH(AA$5,$N$10:$R$10,0)) -> 7 | AO18: =INDEX($N$11:$R$19,MATCH("EE",$M$11:$M$19,0),MATCH(AO$5,$N$10:$R$10,0)) -> 7 | AP18: =AR18*$AD$43 -> 5762400 | AQ18: =PRODUCT(AK18:AO18) -> 14406 | AR18: =IF(AJ18>W18,AJ18,W18)*(AQ18/$AD$43) -> 0.01843968
A19: AA | B19: BB | C19: AA | D19: AA | E19: GG | G19: FF | H19: AA | I19: GG | J19: SC | K19: WD | M19: WD | N19: =COUNTIF(G$1:G$899,$M19) -> 6 | O19: =COUNTIF(H$1:H$899,$M19) -> 7 | P19: =COUNTIF(I$1:I$899,$M19) -> 7 | Q19: =COUNTIF(J$1:J$899,$M19) -> 7 | R19: =COUNTIF(K$1:K$899,$M19) -> 6 | U19: EE | V19: 4 | W19: ='Game Description'!D19 -> 20 | X19: =INDEX($N$11:$R$19,MATCH($U19,$M$11:$M$18,0),MATCH(X$5,$N$10:$R$10,0))+N$19 -> 13 | Y19: =INDEX($N$11:$R$19,MATCH($U19,$M$11:$M$18,0),MATCH(Y$5,$N$10:$R$10,0))+O$19 -> 13 | Z19: =INDEX($N$11:$R$19,MATCH($U19,$M$11:$M$18,0),MATCH(Z$5,$N$10:$R$10,0))+P$19 -> 13 | AA19: =INDEX($N$11:$R$19,MATCH($U19,$M$11:$M$18,0),MATCH(AA$5,$N$10:$R$10,0))+Q$19 -> 13 | AB19: =R$20-(R$19+INDEX($N$11:$R$19,MATCH($U19,$M$11:$M$17,0),MATCH(AB$5,$N$10:$R$10,0))) -> 37 | AC19: =AD19*W19 -> 18306860 | AD19: =PRODUCT(X19:AB19)-PRODUCT($N$19:$Q$19)*$AB19-$AQ19 -> 915343 | AE19: =(AD19/$AD$43)*W19 -> 0.058581952 | AG19: WD | AH19: EE | AI19: 3 | AJ19: ='Game Description'!$C$22 -> 40 | AK19: =INDEX($N$11:$R$19,MATCH($AG19,$M$11:$M$19,0),MATCH(X$5,$N$10:$R$10,0)) -> 6 | AL19: =INDEX($N$11:$R$19,MATCH($AG19,$M$11:$M$19,0),MATCH(Y$5,$N$10:$R$10,0)) -> 7 | AM19: =INDEX($N$11:$R$19,MATCH($AG19,$M$11:$M$19,0),MATCH(Z$5,$N$10:$R$10,0)) -> 7 | AN19: =INDEX($N$11:$R$19,MATCH("EE",$M$11:$M$19,0),MATCH(AN$5,$N$10:$R$10,0)) -> 6 | AO19: =$R$20-R$19-R15 -> 37 | AP19: =AR19*$AD$43 -> 2610720 | AQ19: =PRODUCT(AK19:AO19) -> 65268 | AR19: =IF(AJ19>W19,AJ19,W19)*(AQ19/$AD$43) -> 0.008354304
A20: SC | B20: SC | C20: SC | D20: DD | E20: AA | G20: SC | H20: AA | I20: EE | J20: DD | K20: WD | M20: Total | N20: =SUM(N11:N19) -> 50 | O20: =SUM(O11:O19) -> 50 | P20: =SUM(P11:P19) -> 50 | Q20: =SUM(Q11:Q19) -> 50 | R20: =SUM(R11:R19) -> 50 | U20: EE | V20: 3 | W20: ='Game Description'!C19 -> 5 | X20: =INDEX($N$11:$R$19,MATCH($U20,$M$11:$M$18,0),MATCH(X$5,$N$10:$R$10,0))+N$19 -> 13 | Y20: =INDEX($N$11:$R$19,MATCH($U20,$M$11:$M$18,0),MATCH(Y$5,$N$10:$R$10,0))+O$19 -> 13 | Z20: =INDEX($N$11:$R$19,MATCH($U20,$M$11:$M$18,0),MATCH(Z$5,$N$10:$R$10,0))+P$19 -> 13 | AA20: =Q$20-(Q$19+INDEX($N$11:$R$19,MATCH($U20,$M$11:$M$18,0),MATCH(AA$5,$N$10:$R$10,0))) -> 37 | AB20: =$R$20 -> 50 | AC20: =AD20*W20 -> 17602750 | AD20: =PRODUCT(X20:AB20)- PRODUCT($N$19:$P$19)*AA20*AB20 -> 3520550 | AE20: =(AD20/$AD$43)*W20 -> 0.0563288 | AG20: WD | AH20: EE | AI20: 3 | AJ20: ='Game Description'!$C$22 -> 40 | AK20: =INDEX($N$11:$R$19,MATCH($AG20,$M$11:$M$19,0),MATCH(X$5,$N$10:$R$10,0)) -> 6 | AL20: =INDEX($N$11:$R$19,MATCH($AG20,$M$11:$M$19,0),MATCH(Y$5,$N$10:$R$10,0)) -> 7 | AM20: =INDEX($N$11:$R$19,MATCH($AG20,$M$11:$M$19,0),MATCH(Z$5,$N$10:$R$10,0)) -> 7 | AN20: =INDEX($N$11:$R$19,MATCH("EE",$M$11:$M$19,0),MATCH(AN$5,$N$10:$R$10,0)) -> 6 | AO20: =R15 -> 7 | AP20: =AR20*$AD$43 -> 1234800 | AQ20: =PRODUCT(AK20:AO20) -> 12348 | AR20: =IF(AJ20>W18,AJ20,W18)*(AQ20/$AD$43) -> 0.00395136
A21: CC | B21: DD | C21: CC | D21: DD | E21: GG | G21: CC | H21: AA | I21: GG | J21: DD | K21: GG | U21: FF | V21: 5 | W21: ='Game Description'!E20 -> 50 | X21: =INDEX($N$11:$R$19,MATCH($U21,$M$11:$M$18,0),MATCH(X$5,$N$10:$R$10,0))+N$19 -> 15 | Y21: =INDEX($N$11:$R$19,MATCH($U21,$M$11:$M$18,0),MATCH(Y$5,$N$10:$R$10,0))+O$19 -> 15 | Z21: =INDEX($N$11:$R$19,MATCH($U21,$M$11:$M$18,0),MATCH(Z$5,$N$10:$R$10,0))+P$19 -> 16 | AA21: =INDEX($N$11:$R$19,MATCH($U21,$M$11:$M$18,0),MATCH(AA$5,$N$10:$R$10,0))+Q$19 -> 14 | AB21: =INDEX($N$11:$R$19,MATCH($U21,$M$11:$M$18,0),MATCH(AB$5,$N$10:$R$10,0))+R$19 -> 15 | AC21: =AD21*W21 -> 35330400 | AD21: =PRODUCT(X21:AB21)-AQ21-AQ23-AQ27 -> 706608 | AE21: =(AD21/$AD$43)*W21 -> 0.11305728 | AF21: =SUM(AE18:AE20) -> 0.22121187 | AG21: WD | AH21: FF | AI21: 4 | AJ21: ='Game Description'!$D$22 -> 400 | AK21: =INDEX($N$11:$R$19,MATCH($AG21,$M$11:$M$19,0),MATCH(X$5,$N$10:$R$10,0)) -> 6 | AL21: =INDEX($N$11:$R$19,MATCH($AG21,$M$11:$M$19,0),MATCH(Y$5,$N$10:$R$10,0)) -> 7 | AM21: =INDEX($N$11:$R$19,MATCH($AG21,$M$11:$M$19,0),MATCH(Z$5,$N$10:$R$10,0)) -> 7 | AN21: =INDEX($N$11:$R$19,MATCH($AG21,$M$11:$M$19,0),MATCH(AA$5,$N$10:$R$10,0)) -> 7 | AO21: =INDEX($N$11:$R$19,MATCH("FF",$M$11:$M$19,0),MATCH(AO$5,$N$10:$R$10,0)) -> 9 | AP21: =AR21*$AD$43 -> 7408800 | AQ21: =PRODUCT(AK21:AO21) -> 18522 | AR21: =IF(AJ21>W21,AJ21,W21)*(AQ21/$AD$43) -> 0.02370816
A22: EE | B22: FF | C22: EE | D22: DD | E22: GG | G22: CC | H22: CC | I22: BB | J22: DD | K22: GG | U22: FF | V22: 4 | W22: ='Game Description'!D20 -> 10 | X22: =INDEX($N$11:$R$19,MATCH($U22,$M$11:$M$18,0),MATCH(X$5,$N$10:$R$10,0))+N$19 -> 15 | Y22: =INDEX($N$11:$R$19,MATCH($U22,$M$11:$M$18,0),MATCH(Y$5,$N$10:$R$10,0))+O$19 -> 15 | Z22: =INDEX($N$11:$R$19,MATCH($U22,$M$11:$M$18,0),MATCH(Z$5,$N$10:$R$10,0))+P$19 -> 16 | AA22: =INDEX($N$11:$R$19,MATCH($U22,$M$11:$M$18,0),MATCH(AA$5,$N$10:$R$10,0))+Q$19 -> 14 | AB22: =R$20-(R$19+INDEX($N$11:$R$19,MATCH($U22,$M$11:$M$17,0),MATCH(AB$5,$N$10:$R$10,0))) -> 35 | AC22: =AD22*W22 -> 16199400 | AD22: =PRODUCT(X22:AB22)-PRODUCT($N$19:$Q$19)*$AB22-$AQ22 -> 1619940 | AE22: =(AD22/$AD$43)*W22 -> 0.05183808 | AG22: WD | AH22: FF | AI22: 3 | AJ22: ='Game Description'!$C$22 -> 40 | AK22: =INDEX($N$11:$R$19,MATCH($AG22,$M$11:$M$19,0),MATCH(X$5,$N$10:$R$10,0)) -> 6 | AL22: =INDEX($N$11:$R$19,MATCH($AG22,$M$11:$M$19,0),MATCH(Y$5,$N$10:$R$10,0)) -> 7 | AM22: =INDEX($N$11:$R$19,MATCH($AG22,$M$11:$M$19,0),MATCH(Z$5,$N$10:$R$10,0)) -> 7 | AN22: =INDEX($N$11:$R$19,MATCH("FF",$M$11:$M$19,0),MATCH(AN$5,$N$10:$R$10,0)) -> 7 | AO22: =$R$20-R$19-R16 -> 35 | AP22: =AR22*$AD$43 -> 2881200 | AQ22: =PRODUCT(AK22:AO22) -> 72030 | AR22: =IF(AJ22>W22,AJ22,W22)*(AQ22/$AD$43) -> 0.00921984
A23: SC | B23: SC | C23: SC | D23: AA | E23: SC | G23: CC | H23: CC | I23: SC | J23: AA | K23: GG | M23: Symbol | N23: Reel 1 | O23: Reel 2 | P23: Reel 3 | Q23: Reel 4 | R23: Reel 5 | U23: FF | V23: 3 | W23: ='Game Description'!C20 -> 1 | X23: =INDEX($N$11:$R$19,MATCH($U23,$M$11:$M$18,0),MATCH(X$5,$N$10:$R$10,0))+N$19 -> 15 | Y23: =INDEX($N$11:$R$19,MATCH($U23,$M$11:$M$18,0),MATCH(Y$5,$N$10:$R$10,0))+O$19 -> 15 | Z23: =INDEX($N$11:$R$19,MATCH($U23,$M$11:$M$18,0),MATCH(Z$5,$N$10:$R$10,0))+P$19 -> 16 | AA23: =Q$20-(Q$19+INDEX($N$11:$R$19,MATCH($U23,$M$11:$M$18,0),MATCH(AA$5,$N$10:$R$10,0))) -> 36 | AB23: =$R$20 -> 50 | AC23: =AD23*W23 -> 5950800 | AD23: =PRODUCT(X23:AB23)- PRODUCT($N$19:$P$19)*AA23*AB23 -> 5950800 | AE23: =(AD23/$AD$43)*W23 -> 0.01904256 | AG23: WD | AH23: FF | AI23: 3 | AJ23: ='Game Description'!$C$22 -> 40 | AK23: =INDEX($N$11:$R$19,MATCH($AG23,$M$11:$M$19,0),MATCH(X$5,$N$10:$R$10,0)) -> 6 | AL23: =INDEX($N$11:$R$19,MATCH($AG23,$M$11:$M$19,0),MATCH(Y$5,$N$10:$R$10,0)) -> 7 | AM23: =INDEX($N$11:$R$19,MATCH($AG23,$M$11:$M$19,0),MATCH(Z$5,$N$10:$R$10,0)) -> 7 | AN23: =INDEX($N$11:$R$19,MATCH("FF",$M$11:$M$19,0),MATCH(AN$5,$N$10:$R$10,0)) -> 7 | AO23: =R16 -> 9 | AP23: =AR23*$AD$43 -> 926100 | AQ23: =PRODUCT(AK23:AO23) -> 18522 | AR23: =IF(AJ23>W21,AJ23,W21)*(AQ23/$AD$43) -> 0.00296352
A24: CC | B24: DD | C24: CC | D24: BB | E24: DD | G24: EE | H24: FF | I24: GG | J24: BB | K24: DD | M24: AA | N24: =COUNTIF(A$1:A$899,$M24) -> 5 | O24: =COUNTIF(B$1:B$899,$M24) -> 0 | P24: =COUNTIF(C$1:C$899,$M24) -> 5 | Q24: =COUNTIF(D$1:D$899,$M24) -> 3 | R24: =COUNTIF(E$1:E$899,$M24) -> 3 | U24: GG | V24: 5 | W24: ='Game Description'!E21 -> 50 | X24: =INDEX($N$11:$R$19,MATCH($U24,$M$11:$M$18,0),MATCH(X$5,$N$10:$R$10,0))+N$19 -> 17 | Y24: =INDEX($N$11:$R$19,MATCH($U24,$M$11:$M$18,0),MATCH(Y$5,$N$10:$R$10,0))+O$19 -> 16 | Z24: =INDEX($N$11:$R$19,MATCH($U24,$M$11:$M$18,0),MATCH(Z$5,$N$10:$R$10,0))+P$19 -> 16 | AA24: =INDEX($N$11:$R$19,MATCH($U24,$M$11:$M$18,0),MATCH(AA$5,$N$10:$R$10,0))+Q$19 -> 15 | AB24: =INDEX($N$11:$R$19,MATCH($U24,$M$11:$M$18,0),MATCH(AB$5,$N$10:$R$10,0))+R$19 -> 13 | AC24: =AD24*W24 -> 40271100 | AD24: =PRODUCT(X24:AB24)-AQ24-AQ26-AQ27 -> 805422 | AE24: =(AD24/$AD$43)*W24 -> 0.12886752 | AF24: =SUM(AE21:AE23) -> 0.18393792 | AG24: WD | AH24: GG | AI24: 4 | AJ24: ='Game Description'!$D$22 -> 400 | AK24: =INDEX($N$11:$R$19,MATCH($AG24,$M$11:$M$19,0),MATCH(X$5,$N$10:$R$10,0)) -> 6 | AL24: =INDEX($N$11:$R$19,MATCH($AG24,$M$11:$M$19,0),MATCH(Y$5,$N$10:$R$10,0)) -> 7 | AM24: =INDEX($N$11:$R$19,MATCH($AG24,$M$11:$M$19,0),MATCH(Z$5,$N$10:$R$10,0)) -> 7 | AN24: =INDEX($N$11:$R$19,MATCH($AG24,$M$11:$M$19,0),MATCH(AA$5,$N$10:$R$10,0)) -> 7 | AO24: =INDEX($N$11:$R$19,MATCH("GG",$M$11:$M$19,0),MATCH(AO$5,$N$10:$R$10,0)) -> 7 | AP24: =AR24*$AD$43 -> 5762400 | AQ24: =PRODUCT(AK24:AO24) -> 14406 | AR24: =IF(AJ24>W24,AJ24,W24)*(AQ24/$AD$43) -> 0.01843968
A25: EE | B25: FF | C25: EE | D25: FF | E25: DD | G25: FF | H25: FF | I25: FF | J25: BB | K25: DD | M25: BB | N25: =COUNTIF(A$1:A$899,$M25) -> 0 | O25: =COUNTIF(B$1:B$899,$M25) -> 7 | P25: =COUNTIF(C$1:C$899,$M25) -> 0 | Q25: =COUNTIF(D$1:D$899,$M25) -> 2 | R25: =COUNTIF(E$1:E$899,$M25) -> 2 | U25: GG | V25: 4 | W25: ='Game Description'!D21 -> 10 | X25: =INDEX($N$11:$R$19,MATCH($U25,$M$11:$M$18,0),MATCH(X$5,$N$10:$R$10,0))+N$19 -> 17 | Y25: =INDEX($N$11:$R$19,MATCH($U25,$M$11:$M$18,0),MATCH(Y$5,$N$10:$R$10,0))+O$19 -> 16 | Z25: =INDEX($N$11:$R$19,MATCH($U25,$M$11:$M$18,0),MATCH(Z$5,$N$10:$R$10,0))+P$19 -> 16 | AA25: =INDEX($N$11:$R$19,MATCH($U25,$M$11:$M$18,0),MATCH(AA$5,$N$10:$R$10,0))+Q$19 -> 15 | AB25: =R$20-(R$19+INDEX($N$11:$R$19,MATCH($U25,$M$11:$M$17,0),MATCH(AB$5,$N$10:$R$10,0))) -> 37 | AC25: =AD25*W25 -> 22521900 | AD25: =PRODUCT(X25:AB25)-PRODUCT($N$19:$Q$19)*$AB25-$AQ25 -> 2252190 | AE25: =(AD25/$AD$43)*W25 -> 0.07207008 | AG25: WD | AH25: GG | AI25: 3 | AJ25: ='Game Description'!$C$22 -> 40 | AK25: =INDEX($N$11:$R$19,MATCH($AG25,$M$11:$M$19,0),MATCH(X$5,$N$10:$R$10,0)) -> 6 | AL25: =INDEX($N$11:$R$19,MATCH($AG25,$M$11:$M$19,0),MATCH(Y$5,$N$10:$R$10,0)) -> 7 | AM25: =INDEX($N$11:$R$19,MATCH($AG25,$M$11:$M$19,0),MATCH(Z$5,$N$10:$R$10,0)) -> 7 | AN25: =INDEX($N$11:$R$19,MATCH("GG",$M$11:$M$19,0),MATCH(AN$5,$N$10:$R$10,0)) -> 8 | AO25: =R20-R19-R17 -> 37 | AP25: =AR25*$AD$43 -> 3480960 | AQ25: =PRODUCT(AK25:AO25) -> 87024 | AR25: =IF(AJ25>W25,AJ25,W25)*(AQ25/$AD$43) -> 0.011139072
A26: SC | B26: SC | C26: SC | D26: FF | E26: DD | G26: FF | H26: BB | I26: WD | J26: FF | K26: DD | M26: CC | N26: =COUNTIF(A$1:A$899,$M26) -> 6 | O26: =COUNTIF(B$1:B$899,$M26) -> 0 | P26: =COUNTIF(C$1:C$899,$M26) -> 6 | Q26: =COUNTIF(D$1:D$899,$M26) -> 1 | R26: =COUNTIF(E$1:E$899,$M26) -> 1 | U26: GG | V26: 3 | W26: ='Game Description'!C21 -> 1 | X26: =INDEX($N$11:$R$19,MATCH($U26,$M$11:$M$18,0),MATCH(X$5,$N$10:$R$10,0))+N$19 -> 17 | Y26: =INDEX($N$11:$R$19,MATCH($U26,$M$11:$M$18,0),MATCH(Y$5,$N$10:$R$10,0))+O$19 -> 16 | Z26: =INDEX($N$11:$R$19,MATCH($U26,$M$11:$M$18,0),MATCH(Z$5,$N$10:$R$10,0))+P$19 -> 16 | AA26: =Q$20-(Q$19+INDEX($N$11:$R$19,MATCH($U26,$M$11:$M$18,0),MATCH(AA$5,$N$10:$R$10,0))) -> 35 | AB26: =$R$20 -> 50 | AC26: =AD26*W26 -> 7101500 | AD26: =PRODUCT(X26:AB26)- PRODUCT($N$19:$P$19)*AA26*AB26 -> 7101500 | AE26: =(AD26/$AD$43)*W26 -> 0.0227248 | AG26: WD | AH26: GG | AI26: 3 | AJ26: ='Game Description'!$C$22 -> 40 | AK26: =INDEX($N$11:$R$19,MATCH($AG26,$M$11:$M$19,0),MATCH(X$5,$N$10:$R$10,0)) -> 6 | AL26: =INDEX($N$11:$R$19,MATCH($AG26,$M$11:$M$19,0),MATCH(Y$5,$N$10:$R$10,0)) -> 7 | AM26: =INDEX($N$11:$R$19,MATCH($AG26,$M$11:$M$19,0),MATCH(Z$5,$N$10:$R$10,0)) -> 7 | AN26: =INDEX($N$11:$R$19,MATCH("GG",$M$11:$M$19,0),MATCH(AN$5,$N$10:$R$10,0)) -> 8 | AO26: =R17 -> 7 | AP26: =AR26*$AD$43 -> 823200 | AQ26: =PRODUCT(AK26:AO26) -> 16464 | AR26: =IF(AJ26>W24,AJ26,W24)*(AQ26/$AD$43) -> 0.00263424
G27: FF | H27: FF | I27: WD | J27: WD | K27: FF | M27: DD | N27: =COUNTIF(A$1:A$899,$M27) -> 0 | O27: =COUNTIF(B$1:B$899,$M27) -> 6 | P27: =COUNTIF(C$1:C$899,$M27) -> 0 | Q27: =COUNTIF(D$1:D$899,$M27) -> 4 | R27: =COUNTIF(E$1:E$899,$M27) -> 5 | U27: SC | V27: 5 | W27: ='Game Description'!E23 -> 500 | X27: =IF(M36=$U27,3*INDEX($N$11:$R$19,MATCH($U27,$M$11:$M$18,0),MATCH(X$5,$N$10:$R$10,0)),N$20-3*INDEX($N$11:$R$19,MATCH($U27,$M$11:$M$18,0),MATCH(X$5,$N$10:$R$10,0))) -> 3 | Y27: =IF(N36=$U27,3*INDEX($N$11:$R$19,MATCH($U27,$M$11:$M$18,0),MATCH(Y$5,$N$10:$R$10,0)),O$20-3*INDEX($N$11:$R$19,MATCH($U27,$M$11:$M$18,0),MATCH(Y$5,$N$10:$R$10,0))) -> 3 | Z27: =IF(O36=$U27,3*INDEX($N$11:$R$19,MATCH($U27,$M$11:$M$18,0),MATCH(Z$5,$N$10:$R$10,0)),P$20-3*INDEX($N$11:$R$19,MATCH($U27,$M$11:$M$18,0),MATCH(Z$5,$N$10:$R$10,0))) -> 6 | AA27: =IF(P36=$U27,3*INDEX($N$11:$R$19,MATCH($U27,$M$11:$M$18,0),MATCH(AA$5,$N$10:$R$10,0)),Q$20-3*INDEX($N$11:$R$19,MATCH($U27,$M$11:$M$18,0),MATCH(AA$5,$N$10:$R$10,0))) -> 6 | AB27: =IF(Q36=$U27,3*INDEX($N$11:$R$19,MATCH($U27,$M$11:$M$18,0),MATCH(AB$5,$N$10:$R$10,0)),R$20-3*INDEX($N$11:$R$19,MATCH($U27,$M$11:$M$18,0),MATCH(AB$5,$N$10:$R$10,0))) -> 3 | AC27: =AD27*W27 -> 486000 | AD27: =PRODUCT(X27:AB27) -> 972 | AE27: =(AD27/$AD$43)*W27 -> 0.0015552 | AF27: =SUM(AE24:AE26) -> 0.2236624 | AK27: =N19 -> 6 | AL27: =O19 -> 7 | AM27: =P19 -> 7 | AN27: =Q19 -> 7 | AO27: =R19 -> 6 | AP27: =AR27*$AD$43 -> 12348000 | AQ27: =PRODUCT(AK27:AO27) -> 12348 | AR27: =AQ27/AD43*'Game Description'!E22 -> 0.0395136
G28: GG | H28: GG | I28: FF | J28: AA | K28: FF | M28: EE | N28: =COUNTIF(A$1:A$899,$M28) -> 3 | O28: =COUNTIF(B$1:B$899,$M28) -> 0 | P28: =COUNTIF(C$1:C$899,$M28) -> 3 | Q28: =COUNTIF(D$1:D$899,$M28) -> 5 | R28: =COUNTIF(E$1:E$899,$M28) -> 5 | U28: SC | V28: 4 | W28: ='Game Description'!$D$23 -> 50 | X28: =IF(M37=$U28,3*INDEX($N$11:$R$19,MATCH($U28,$M$11:$M$18,0),MATCH(X$5,$N$10:$R$10,0)),N$20-3*INDEX($N$11:$R$19,MATCH($U28,$M$11:$M$18,0),MATCH(X$5,$N$10:$R$10,0))) -> 3 | Y28: =IF(N37=$U28,3*INDEX($N$11:$R$19,MATCH($U28,$M$11:$M$18,0),MATCH(Y$5,$N$10:$R$10,0)),O$20-3*INDEX($N$11:$R$19,MATCH($U28,$M$11:$M$18,0),MATCH(Y$5,$N$10:$R$10,0))) -> 3 | Z28: =IF(O37=$U28,3*INDEX($N$11:$R$19,MATCH($U28,$M$11:$M$18,0),MATCH(Z$5,$N$10:$R$10,0)),P$20-3*INDEX($N$11:$R$19,MATCH($U28,$M$11:$M$18,0),MATCH(Z$5,$N$10:$R$10,0))) -> 6 | AA28: =IF(P37=$U28,3*INDEX($N$11:$R$19,MATCH($U28,$M$11:$M$18,0),MATCH(AA$5,$N$10:$R$10,0)),Q$20-3*INDEX($N$11:$R$19,MATCH($U28,$M$11:$M$18,0),MATCH(AA$5,$N$10:$R$10,0))) -> 6 | AB28: =IF(Q37=$U28,3*INDEX($N$11:$R$19,MATCH($U28,$M$11:$M$18,0),MATCH(AB$5,$N$10:$R$10,0)),R$20-3*INDEX($N$11:$R$19,MATCH($U28,$M$11:$M$18,0),MATCH(AB$5,$N$10:$R$10,0))) -> 47 | AC28: =AD28*W28 -> 761400 | AD28: =PRODUCT(X28:AB28) -> 15228 | AE28: =(AD28/$AD$43)*W28 -> 0.00243648 | AF28: =SUM(AF9:AF27) -> 1.6814224 | AP28: =AR28*$AD$43 -> 823200 | AQ28: =PRODUCT($N$19:$Q$19)*R18 -> 2058 | AR28: =(AQ28/$AD$43)*'Game Description'!$D$22 -> 0.00263424
G29: FF | H29: GG | I29: FF | J29: AA | K29: FF | M29: FF | N29: =COUNTIF(A$1:A$899,$M29) -> 0 | O29: =COUNTIF(B$1:B$899,$M29) -> 3 | P29: =COUNTIF(C$1:C$899,$M29) -> 0 | Q29: =COUNTIF(D$1:D$899,$M29) -> 3 | R29: =COUNTIF(E$1:E$899,$M29) -> 1 | U29: SC | V29: 4 | W29: ='Game Description'!$D$23 -> 50 | X29: =IF(M38=$U29,3*INDEX($N$11:$R$19,MATCH($U29,$M$11:$M$18,0),MATCH(X$5,$N$10:$R$10,0)),N$20-3*INDEX($N$11:$R$19,MATCH($U29,$M$11:$M$18,0),MATCH(X$5,$N$10:$R$10,0))) -> 3 | Y29: =IF(N38=$U29,3*INDEX($N$11:$R$19,MATCH($U29,$M$11:$M$18,0),MATCH(Y$5,$N$10:$R$10,0)),O$20-3*INDEX($N$11:$R$19,MATCH($U29,$M$11:$M$18,0),MATCH(Y$5,$N$10:$R$10,0))) -> 3 | Z29: =IF(O38=$U29,3*INDEX($N$11:$R$19,MATCH($U29,$M$11:$M$18,0),MATCH(Z$5,$N$10:$R$10,0)),P$20-3*INDEX($N$11:$R$19,MATCH($U29,$M$11:$M$18,0),MATCH(Z$5,$N$10:$R$10,0))) -> 6 | AA29: =IF(P38=$U29,3*INDEX($N$11:$R$19,MATCH($U29,$M$11:$M$18,0),MATCH(AA$5,$N$10:$R$10,0)),Q$20-3*INDEX($N$11:$R$19,MATCH($U29,$M$11:$M$18,0),MATCH(AA$5,$N$10:$R$10,0))) -> 44 | AB29: =IF(Q38=$U29,3*INDEX($N$11:$R$19,MATCH($U29,$M$11:$M$18,0),MATCH(AB$5,$N$10:$R$10,0)),R$20-3*INDEX($N$11:$R$19,MATCH($U29,$M$11:$M$18,0),MATCH(AB$5,$N$10:$R$10,0))) -> 3 | AC29: =AD29*W29 -> 356400 | AD29: =PRODUCT(X29:AB29) -> 7128 | AE29: =(AD29/$AD$43)*W29 -> 0.00114048 | AP29: =AR29*$AD$43 -> 1176000 | AQ29: =PRODUCT($N$19:$P$19)*Q18*$R$20 -> 29400 | AR29: =(AQ29/$AD$43)*'Game Description'!$C$22 -> 0.0037632
G30: DD | H30: GG | I30: EE | J30: AA | K30: AA | M30: GG | N30: =COUNTIF(A$1:A$899,$M30) -> 2 | O30: =COUNTIF(B$1:B$899,$M30) -> 0 | P30: =COUNTIF(C$1:C$899,$M30) -> 2 | Q30: =COUNTIF(D$1:D$899,$M30) -> 5 | R30: =COUNTIF(E$1:E$899,$M30) -> 6 | U30: SC | V30: 4 | W30: ='Game Description'!$D$23 -> 50 | X30: =IF(M39=$U30,3*INDEX($N$11:$R$19,MATCH($U30,$M$11:$M$18,0),MATCH(X$5,$N$10:$R$10,0)),N$20-3*INDEX($N$11:$R$19,MATCH($U30,$M$11:$M$18,0),MATCH(X$5,$N$10:$R$10,0))) -> 3 | Y30: =IF(N39=$U30,3*INDEX($N$11:$R$19,MATCH($U30,$M$11:$M$18,0),MATCH(Y$5,$N$10:$R$10,0)),O$20-3*INDEX($N$11:$R$19,MATCH($U30,$M$11:$M$18,0),MATCH(Y$5,$N$10:$R$10,0))) -> 3 | Z30: =IF(O39=$U30,3*INDEX($N$11:$R$19,MATCH($U30,$M$11:$M$18,0),MATCH(Z$5,$N$10:$R$10,0)),P$20-3*INDEX($N$11:$R$19,MATCH($U30,$M$11:$M$18,0),MATCH(Z$5,$N$10:$R$10,0))) -> 44 | AA30: =IF(P39=$U30,3*INDEX($N$11:$R$19,MATCH($U30,$M$11:$M$18,0),MATCH(AA$5,$N$10:$R$10,0)),Q$20-3*INDEX($N$11:$R$19,MATCH($U30,$M$11:$M$18,0),MATCH(AA$5,$N$10:$R$10,0))) -> 6 | AB30: =IF(Q39=$U30,3*INDEX($N$11:$R$19,MATCH($U30,$M$11:$M$18,0),MATCH(AB$5,$N$10:$R$10,0)),R$20-3*INDEX($N$11:$R$19,MATCH($U30,$M$11:$M$18,0),MATCH(AB$5,$N$10:$R$10,0))) -> 3 | AC30: =AD30*W30 -> 356400 | AD30: =PRODUCT(X30:AB30) -> 7128 | AE30: =(AD30/$AD$43)*W30 -> 0.00114048 | AP30: =SUM(AP6:AP29) -> 83969340 | AQ30: =SUM(AQ6:AQ27) -> 631218 | AR30: =SUM(AR6:AR29) -> 0.26870189
G31: DD | H31: WD | I31: AA | J31: EE | K31: FF | M31: SC | N31: =COUNTIF(A$1:A$899,$M31) -> 8 | O31: =COUNTIF(B$1:B$899,$M31) -> 8 | P31: =COUNTIF(C$1:C$899,$M31) -> 8 | Q31: =COUNTIF(D$1:D$899,$M31) -> 1 | R31: =COUNTIF(E$1:E$899,$M31) -> 1 | U31: SC | V31: 4 | W31: ='Game Description'!$D$23 -> 50 | X31: =IF(M40=$U31,3*INDEX($N$11:$R$19,MATCH($U31,$M$11:$M$18,0),MATCH(X$5,$N$10:$R$10,0)),N$20-3*INDEX($N$11:$R$19,MATCH($U31,$M$11:$M$18,0),MATCH(X$5,$N$10:$R$10,0))) -> 3 | Y31: =IF(N40=$U31,3*INDEX($N$11:$R$19,MATCH($U31,$M$11:$M$18,0),MATCH(Y$5,$N$10:$R$10,0)),O$20-3*INDEX($N$11:$R$19,MATCH($U31,$M$11:$M$18,0),MATCH(Y$5,$N$10:$R$10,0))) -> 47 | Z31: =IF(O40=$U31,3*INDEX($N$11:$R$19,MATCH($U31,$M$11:$M$18,0),MATCH(Z$5,$N$10:$R$10,0)),P$20-3*INDEX($N$11:$R$19,MATCH($U31,$M$11:$M$18,0),MATCH(Z$5,$N$10:$R$10,0))) -> 6 | AA31: =IF(P40=$U31,3*INDEX($N$11:$R$19,MATCH($U31,$M$11:$M$18,0),MATCH(AA$5,$N$10:$R$10,0)),Q$20-3*INDEX($N$11:$R$19,MATCH($U31,$M$11:$M$18,0),MATCH(AA$5,$N$10:$R$10,0))) -> 6 | AB31: =IF(Q40=$U31,3*INDEX($N$11:$R$19,MATCH($U31,$M$11:$M$18,0),MATCH(AB$5,$N$10:$R$10,0)),R$20-3*INDEX($N$11:$R$19,MATCH($U31,$M$11:$M$18,0),MATCH(AB$5,$N$10:$R$10,0))) -> 3 | AC31: =AD31*W31 -> 761400 | AD31: =PRODUCT(X31:AB31) -> 15228 | AE31: =(AD31/$AD$43)*W31 -> 0.00243648
G32: DD | H32: WD | I32: EE | J32: WD | K32: DD | M32: WD | N32: =COUNTIF(A$1:A$899,$M32) -> 0 | O32: =COUNTIF(B$1:B$899,$M32) -> 0 | P32: =COUNTIF(C$1:C$899,$M32) -> 0 | Q32: =COUNTIF(D$1:D$899,$M32) -> 0 | R32: =COUNTIF(E$1:E$899,$M32) -> 0 | U32: SC | V32: 4 | W32: ='Game Description'!$D$23 -> 50 | X32: =IF(M41=$U32,3*INDEX($N$11:$R$19,MATCH($U32,$M$11:$M$18,0),MATCH(X$5,$N$10:$R$10,0)),N$20-3*INDEX($N$11:$R$19,MATCH($U32,$M$11:$M$18,0),MATCH(X$5,$N$10:$R$10,0))) -> 47 | Y32: =IF(N41=$U32,3*INDEX($N$11:$R$19,MATCH($U32,$M$11:$M$18,0),MATCH(Y$5,$N$10:$R$10,0)),O$20-3*INDEX($N$11:$R$19,MATCH($U32,$M$11:$M$18,0),MATCH(Y$5,$N$10:$R$10,0))) -> 3 | Z32: =IF(O41=$U32,3*INDEX($N$11:$R$19,MATCH($U32,$M$11:$M$18,0),MATCH(Z$5,$N$10:$R$10,0)),P$20-3*INDEX($N$11:$R$19,MATCH($U32,$M$11:$M$18,0),MATCH(Z$5,$N$10:$R$10,0))) -> 6 | AA32: =IF(P41=$U32,3*INDEX($N$11:$R$19,MATCH($U32,$M$11:$M$18,0),MATCH(AA$5,$N$10:$R$10,0)),Q$20-3*INDEX($N$11:$R$19,MATCH($U32,$M$11:$M$18,0),MATCH(AA$5,$N$10:$R$10,0))) -> 6 | AB32: =IF(Q41=$U32,3*INDEX($N$11:$R$19,MATCH($U32,$M$11:$M$18,0),MATCH(AB$5,$N$10:$R$10,0)),R$20-3*INDEX($N$11:$R$19,MATCH($U32,$M$11:$M$18,0),MATCH(AB$5,$N$10:$R$10,0))) -> 3 | AC32: =AD32*W32 -> 761400 | AD32: =PRODUCT(X32:AB32) -> 15228 | AE32: =(AD32/$AD$43)*W32 -> 0.00243648
G33: EE | H33: WD | I33: DD | J33: FF | K33: GG | M33: Total | N33: =SUM(N24:N32) -> 24 | O33: =SUM(O24:O32) -> 24 | P33: =SUM(P24:P32) -> 24 | Q33: =SUM(Q24:Q32) -> 24 | R33: =SUM(R24:R32) -> 24 | U33: SC | V33: 3 | W33: ='Game Description'!$C$23 -> 10 | X33: =IF(M42=$U33,3*INDEX($N$11:$R$19,MATCH($U33,$M$11:$M$18,0),MATCH(X$5,$N$10:$R$10,0)),N$20-3*INDEX($N$11:$R$19,MATCH($U33,$M$11:$M$18,0),MATCH(X$5,$N$10:$R$10,0))) -> 47 | Y33: =IF(N42=$U33,3*INDEX($N$11:$R$19,MATCH($U33,$M$11:$M$18,0),MATCH(Y$5,$N$10:$R$10,0)),O$20-3*INDEX($N$11:$R$19,MATCH($U33,$M$11:$M$18,0),MATCH(Y$5,$N$10:$R$10,0))) -> 3 | Z33: =IF(O42=$U33,3*INDEX($N$11:$R$19,MATCH($U33,$M$11:$M$18,0),MATCH(Z$5,$N$10:$R$10,0)),P$20-3*INDEX($N$11:$R$19,MATCH($U33,$M$11:$M$18,0),MATCH(Z$5,$N$10:$R$10,0))) -> 6 | AA33: =IF(P42=$U33,3*INDEX($N$11:$R$19,MATCH($U33,$M$11:$M$18,0),MATCH(AA$5,$N$10:$R$10,0)),Q$20-3*INDEX($N$11:$R$19,MATCH($U33,$M$11:$M$18,0),MATCH(AA$5,$N$10:$R$10,0))) -> 6 | AB33: =IF(Q42=$U33,3*INDEX($N$11:$R$19,MATCH($U33,$M$11:$M$18,0),MATCH(AB$5,$N$10:$R$10,0)),R$20-3*INDEX($N$11:$R$19,MATCH($U33,$M$11:$M$18,0),MATCH(AB$5,$N$10:$R$10,0))) -> 47 | AC33: =AD33*W33 -> 2385720 | AD33: =PRODUCT(X33:AB33) -> 238572 | AE33: =(AD33/$AD$43)*W33 -> 0.007634304
G34: EE | H34: FF | I34: DD | J34: GG | K34: EE | U34: SC | V34: 3 | W34: ='Game Description'!$C$23 -> 10 | X34: =IF(M43=$U34,3*INDEX($N$11:$R$19,MATCH($U34,$M$11:$M$18,0),MATCH(X$5,$N$10:$R$10,0)),N$20-3*INDEX($N$11:$R$19,MATCH($U34,$M$11:$M$18,0),MATCH(X$5,$N$10:$R$10,0))) -> 3 | Y34: =IF(N43=$U34,3*INDEX($N$11:$R$19,MATCH($U34,$M$11:$M$18,0),MATCH(Y$5,$N$10:$R$10,0)),O$20-3*INDEX($N$11:$R$19,MATCH($U34,$M$11:$M$18,0),MATCH(Y$5,$N$10:$R$10,0))) -> 47 | Z34: =IF(O43=$U34,3*INDEX($N$11:$R$19,MATCH($U34,$M$11:$M$18,0),MATCH(Z$5,$N$10:$R$10,0)),P$20-3*INDEX($N$11:$R$19,MATCH($U34,$M$11:$M$18,0),MATCH(Z$5,$N$10:$R$10,0))) -> 6 | AA34: =IF(P43=$U34,3*INDEX($N$11:$R$19,MATCH($U34,$M$11:$M$18,0),MATCH(AA$5,$N$10:$R$10,0)),Q$20-3*INDEX($N$11:$R$19,MATCH($U34,$M$11:$M$18,0),MATCH(AA$5,$N$10:$R$10,0))) -> 6 | AB34: =IF(Q43=$U34,3*INDEX($N$11:$R$19,MATCH($U34,$M$11:$M$18,0),MATCH(AB$5,$N$10:$R$10,0)),R$20-3*INDEX($N$11:$R$19,MATCH($U34,$M$11:$M$18,0),MATCH(AB$5,$N$10:$R$10,0))) -> 47 | AC34: =AD34*W34 -> 2385720 | AD34: =PRODUCT(X34:AB34) -> 238572 | AE34: =(AD34/$AD$43)*W34 -> 0.007634304
G35: BB | H35: EE | I35: DD | J35: GG | K35: EE | M35: SC Combination | U35: SC | V35: 3 | W35: ='Game Description'!$C$23 -> 10 | X35: =IF(M44=$U35,3*INDEX($N$11:$R$19,MATCH($U35,$M$11:$M$18,0),MATCH(X$5,$N$10:$R$10,0)),N$20-3*INDEX($N$11:$R$19,MATCH($U35,$M$11:$M$18,0),MATCH(X$5,$N$10:$R$10,0))) -> 47 | Y35: =IF(N44=$U35,3*INDEX($N$11:$R$19,MATCH($U35,$M$11:$M$18,0),MATCH(Y$5,$N$10:$R$10,0)),O$20-3*INDEX($N$11:$R$19,MATCH($U35,$M$11:$M$18,0),MATCH(Y$5,$N$10:$R$10,0))) -> 3 | Z35: =IF(O44=$U35,3*INDEX($N$11:$R$19,MATCH($U35,$M$11:$M$18,0),MATCH(Z$5,$N$10:$R$10,0)),P$20-3*INDEX($N$11:$R$19,MATCH($U35,$M$11:$M$18,0),MATCH(Z$5,$N$10:$R$10,0))) -> 44 | AA35: =IF(P44=$U35,3*INDEX($N$11:$R$19,MATCH($U35,$M$11:$M$18,0),MATCH(AA$5,$N$10:$R$10,0)),Q$20-3*INDEX($N$11:$R$19,MATCH($U35,$M$11:$M$18,0),MATCH(AA$5,$N$10:$R$10,0))) -> 6 | AB35: =IF(Q44=$U35,3*INDEX($N$11:$R$19,MATCH($U35,$M$11:$M$18,0),MATCH(AB$5,$N$10:$R$10,0)),R$20-3*INDEX($N$11:$R$19,MATCH($U35,$M$11:$M$18,0),MATCH(AB$5,$N$10:$R$10,0))) -> 3 | AC35: =AD35*W35 -> 1116720 | AD35: =PRODUCT(X35:AB35) -> 111672 | AE35: =(AD35/$AD$43)*W35 -> 0.003573504
G36: EE | H36: GG | I36: GG | J36: WD | K36: WD | M36: SC | N36: SC | O36: SC | P36: SC | Q36: SC | U36: SC | V36: 3 | W36: ='Game Description'!$C$23 -> 10 | X36: =IF(M45=$U36,3*INDEX($N$11:$R$19,MATCH($U36,$M$11:$M$18,0),MATCH(X$5,$N$10:$R$10,0)),N$20-3*INDEX($N$11:$R$19,MATCH($U36,$M$11:$M$18,0),MATCH(X$5,$N$10:$R$10,0))) -> 3 | Y36: =IF(N45=$U36,3*INDEX($N$11:$R$19,MATCH($U36,$M$11:$M$18,0),MATCH(Y$5,$N$10:$R$10,0)),O$20-3*INDEX($N$11:$R$19,MATCH($U36,$M$11:$M$18,0),MATCH(Y$5,$N$10:$R$10,0))) -> 47 | Z36: =IF(O45=$U36,3*INDEX($N$11:$R$19,MATCH($U36,$M$11:$M$18,0),MATCH(Z$5,$N$10:$R$10,0)),P$20-3*INDEX($N$11:$R$19,MATCH($U36,$M$11:$M$18,0),MATCH(Z$5,$N$10:$R$10,0))) -> 6 | AA36: =IF(P45=$U36,3*INDEX($N$11:$R$19,MATCH($U36,$M$11:$M$18,0),MATCH(AA$5,$N$10:$R$10,0)),Q$20-3*INDEX($N$11:$R$19,MATCH($U36,$M$11:$M$18,0),MATCH(AA$5,$N$10:$R$10,0))) -> 44 | AB36: =IF(Q45=$U36,3*INDEX($N$11:$R$19,MATCH($U36,$M$11:$M$18,0),MATCH(AB$5,$N$10:$R$10,0)),R$20-3*INDEX($N$11:$R$19,MATCH($U36,$M$11:$M$18,0),MATCH(AB$5,$N$10:$R$10,0))) -> 3 | AC36: =AD36*W36 -> 1116720 | AD36: =PRODUCT(X36:AB36) -> 111672 | AE36: =(AD36/$AD$43)*W36 -> 0.003573504
G37: GG | H37: WD | I37: WD | J37: DD | K37: FF | M37: SC | N37: SC | O37: SC | P37: SC | Q37: -- | U37: SC | V37: 3 | W37: ='Game Description'!$C$23 -> 10 | X37: =IF(M46=$U37,3*INDEX($N$11:$R$19,MATCH($U37,$M$11:$M$18,0),MATCH(X$5,$N$10:$R$10,0)),N$20-3*INDEX($N$11:$R$19,MATCH($U37,$M$11:$M$18,0),MATCH(X$5,$N$10:$R$10,0))) -> 3 | Y37: =IF(N46=$U37,3*INDEX($N$11:$R$19,MATCH($U37,$M$11:$M$18,0),MATCH(Y$5,$N$10:$R$10,0)),O$20-3*INDEX($N$11:$R$19,MATCH($U37,$M$11:$M$18,0),MATCH(Y$5,$N$10:$R$10,0))) -> 3 | Z37: =IF(O46=$U37,3*INDEX($N$11:$R$19,MATCH($U37,$M$11:$M$18,0),MATCH(Z$5,$N$10:$R$10,0)),P$20-3*INDEX($N$11:$R$19,MATCH($U37,$M$11:$M$18,0),MATCH(Z$5,$N$10:$R$10,0))) -> 44 | AA37: =IF(P46=$U37,3*INDEX($N$11:$R$19,MATCH($U37,$M$11:$M$18,0),MATCH(AA$5,$N$10:$R$10,0)),Q$20-3*INDEX($N$11:$R$19,MATCH($U37,$M$11:$M$18,0),MATCH(AA$5,$N$10:$R$10,0))) -> 6 | AB37: =IF(Q46=$U37,3*INDEX($N$11:$R$19,MATCH($U37,$M$11:$M$18,0),MATCH(AB$5,$N$10:$R$10,0)),R$20-3*INDEX($N$11:$R$19,MATCH($U37,$M$11:$M$18,0),MATCH(AB$5,$N$10:$R$10,0))) -> 47 | AC37: =AD37*W37 -> 1116720 | AD37: =PRODUCT(X37:AB37) -> 111672 | AE37: =(AD37/$AD$43)*W37 -> 0.003573504 | AI37: Total win | AK37: =AC43+AP30 -> 627277050 | AN37: scatter retrigger | AP37: =AD43/SUM(AD27:AD42) -> 208.48177
G38: GG | H38: WD | I38: FF | J38: DD | K38: FF | M38: SC | N38: SC | O38: SC | P38: -- | Q38: SC | U38: SC | V38: 3 | W38: ='Game Description'!$C$23 -> 10 | X38: =IF(M47=$U38,3*INDEX($N$11:$R$19,MATCH($U38,$M$11:$M$18,0),MATCH(X$5,$N$10:$R$10,0)),N$20-3*INDEX($N$11:$R$19,MATCH($U38,$M$11:$M$18,0),MATCH(X$5,$N$10:$R$10,0))) -> 47 | Y38: =IF(N47=$U38,3*INDEX($N$11:$R$19,MATCH($U38,$M$11:$M$18,0),MATCH(Y$5,$N$10:$R$10,0)),O$20-3*INDEX($N$11:$R$19,MATCH($U38,$M$11:$M$18,0),MATCH(Y$5,$N$10:$R$10,0))) -> 3 | Z38: =IF(O47=$U38,3*INDEX($N$11:$R$19,MATCH($U38,$M$11:$M$18,0),MATCH(Z$5,$N$10:$R$10,0)),P$20-3*INDEX($N$11:$R$19,MATCH($U38,$M$11:$M$18,0),MATCH(Z$5,$N$10:$R$10,0))) -> 6 | AA38: =IF(P47=$U38,3*INDEX($N$11:$R$19,MATCH($U38,$M$11:$M$18,0),MATCH(AA$5,$N$10:$R$10,0)),Q$20-3*INDEX($N$11:$R$19,MATCH($U38,$M$11:$M$18,0),MATCH(AA$5,$N$10:$R$10,0))) -> 44 | AB38: =IF(Q47=$U38,3*INDEX($N$11:$R$19,MATCH($U38,$M$11:$M$18,0),MATCH(AB$5,$N$10:$R$10,0)),R$20-3*INDEX($N$11:$R$19,MATCH($U38,$M$11:$M$18,0),MATCH(AB$5,$N$10:$R$10,0))) -> 3 | AC38: =AD38*W38 -> 1116720 | AD38: =PRODUCT(X38:AB38) -> 111672 | AE38: =(AD38/$AD$43)*W38 -> 0.003573504 | AI38: Total bet | AK38: =AD43 -> 312500000 | AN38: Average free spins | AP38: =10/(1-(1/AP37)*AA3) -> 10.503825
G39: WD | H39: GG | I39: GG | J39: BB | K39: FF | M39: SC | N39: SC | O39: -- | P39: SC | Q39: SC | U39: SC | V39: 3 | W39: ='Game Description'!$C$23 -> 10 | X39: =IF(M48=$U39,3*INDEX($N$11:$R$19,MATCH($U39,$M$11:$M$18,0),MATCH(X$5,$N$10:$R$10,0)),N$20-3*INDEX($N$11:$R$19,MATCH($U39,$M$11:$M$18,0),MATCH(X$5,$N$10:$R$10,0))) -> 3 | Y39: =IF(N48=$U39,3*INDEX($N$11:$R$19,MATCH($U39,$M$11:$M$18,0),MATCH(Y$5,$N$10:$R$10,0)),O$20-3*INDEX($N$11:$R$19,MATCH($U39,$M$11:$M$18,0),MATCH(Y$5,$N$10:$R$10,0))) -> 3 | Z39: =IF(O48=$U39,3*INDEX($N$11:$R$19,MATCH($U39,$M$11:$M$18,0),MATCH(Z$5,$N$10:$R$10,0)),P$20-3*INDEX($N$11:$R$19,MATCH($U39,$M$11:$M$18,0),MATCH(Z$5,$N$10:$R$10,0))) -> 44 | AA39: =IF(P48=$U39,3*INDEX($N$11:$R$19,MATCH($U39,$M$11:$M$18,0),MATCH(AA$5,$N$10:$R$10,0)),Q$20-3*INDEX($N$11:$R$19,MATCH($U39,$M$11:$M$18,0),MATCH(AA$5,$N$10:$R$10,0))) -> 44 | AB39: =IF(Q48=$U39,3*INDEX($N$11:$R$19,MATCH($U39,$M$11:$M$18,0),MATCH(AB$5,$N$10:$R$10,0)),R$20-3*INDEX($N$11:$R$19,MATCH($U39,$M$11:$M$18,0),MATCH(AB$5,$N$10:$R$10,0))) -> 3 | AC39: =AD39*W39 -> 522720 | AD39: =PRODUCT(X39:AB39) -> 52272 | AE39: =(AD39/$AD$43)*W39 -> 0.001672704 | AI39: Buy strip wins | AK39: =AC61 -> 210263040
G40: WD | H40: FF | I40: EE | J40: DD | K40: CC | M40: SC | N40: -- | O40: SC | P40: SC | Q40: SC | U40: SC | V40: 3 | W40: ='Game Description'!$C$23 -> 10 | X40: =IF(M49=$U40,3*INDEX($N$11:$R$19,MATCH($U40,$M$11:$M$18,0),MATCH(X$5,$N$10:$R$10,0)),N$20-3*INDEX($N$11:$R$19,MATCH($U40,$M$11:$M$18,0),MATCH(X$5,$N$10:$R$10,0))) -> 3 | Y40: =IF(N49=$U40,3*INDEX($N$11:$R$19,MATCH($U40,$M$11:$M$18,0),MATCH(Y$5,$N$10:$R$10,0)),O$20-3*INDEX($N$11:$R$19,MATCH($U40,$M$11:$M$18,0),MATCH(Y$5,$N$10:$R$10,0))) -> 47 | Z40: =IF(O49=$U40,3*INDEX($N$11:$R$19,MATCH($U40,$M$11:$M$18,0),MATCH(Z$5,$N$10:$R$10,0)),P$20-3*INDEX($N$11:$R$19,MATCH($U40,$M$11:$M$18,0),MATCH(Z$5,$N$10:$R$10,0))) -> 44 | AA40: =IF(P49=$U40,3*INDEX($N$11:$R$19,MATCH($U40,$M$11:$M$18,0),MATCH(AA$5,$N$10:$R$10,0)),Q$20-3*INDEX($N$11:$R$19,MATCH($U40,$M$11:$M$18,0),MATCH(AA$5,$N$10:$R$10,0))) -> 6 | AB40: =IF(Q49=$U40,3*INDEX($N$11:$R$19,MATCH($U40,$M$11:$M$18,0),MATCH(AB$5,$N$10:$R$10,0)),R$20-3*INDEX($N$11:$R$19,MATCH($U40,$M$11:$M$18,0),MATCH(AB$5,$N$10:$R$10,0))) -> 3 | AC40: =AD40*W40 -> 1116720 | AD40: =PRODUCT(X40:AB40) -> 111672 | AE40: =(AD40/$AD$43)*W40 -> 0.003573504 | AI40: Buy strip bets | AK40: =AD61 -> 7962624
G41: FF | H41: FF | I41: FF | J41: WD | K41: CC | M41: -- | N41: SC | O41: SC | P41: SC | Q41: SC | U41: SC | V41: 3 | W41: ='Game Description'!$C$23 -> 10 | X41: =IF(M50=$U41,3*INDEX($N$11:$R$19,MATCH($U41,$M$11:$M$18,0),MATCH(X$5,$N$10:$R$10,0)),N$20-3*INDEX($N$11:$R$19,MATCH($U41,$M$11:$M$18,0),MATCH(X$5,$N$10:$R$10,0))) -> 47 | Y41: =IF(N50=$U41,3*INDEX($N$11:$R$19,MATCH($U41,$M$11:$M$18,0),MATCH(Y$5,$N$10:$R$10,0)),O$20-3*INDEX($N$11:$R$19,MATCH($U41,$M$11:$M$18,0),MATCH(Y$5,$N$10:$R$10,0))) -> 47 | Z41: =IF(O50=$U41,3*INDEX($N$11:$R$19,MATCH($U41,$M$11:$M$18,0),MATCH(Z$5,$N$10:$R$10,0)),P$20-3*INDEX($N$11:$R$19,MATCH($U41,$M$11:$M$18,0),MATCH(Z$5,$N$10:$R$10,0))) -> 6 | AA41: =IF(P50=$U41,3*INDEX($N$11:$R$19,MATCH($U41,$M$11:$M$18,0),MATCH(AA$5,$N$10:$R$10,0)),Q$20-3*INDEX($N$11:$R$19,MATCH($U41,$M$11:$M$18,0),MATCH(AA$5,$N$10:$R$10,0))) -> 6 | AB41: =IF(Q50=$U41,3*INDEX($N$11:$R$19,MATCH($U41,$M$11:$M$18,0),MATCH(AB$5,$N$10:$R$10,0)),R$20-3*INDEX($N$11:$R$19,MATCH($U41,$M$11:$M$18,0),MATCH(AB$5,$N$10:$R$10,0))) -> 3 | AC41: =AD41*W41 -> 2385720 | AD41: =PRODUCT(X41:AB41) -> 238572 | AE41: =(AD41/$AD$43)*W41 -> 0.007634304 | AI41: Buy strips average wins | AK41: =AK39/AK40 -> 26.40625
G42: FF | H42: FF | I42: DD | J42: FF | K42: CC | M42: -- | N42: SC | O42: SC | P42: SC | Q42: -- | U42: SC | V42: 3 | W42: ='Game Description'!$C$23 -> 10 | X42: =IF(M51=$U42,3*INDEX($N$11:$R$19,MATCH($U42,$M$11:$M$18,0),MATCH(X$5,$N$10:$R$10,0)),N$20-3*INDEX($N$11:$R$19,MATCH($U42,$M$11:$M$18,0),MATCH(X$5,$N$10:$R$10,0))) -> 3 | Y42: =IF(N51=$U42,3*INDEX($N$11:$R$19,MATCH($U42,$M$11:$M$18,0),MATCH(Y$5,$N$10:$R$10,0)),O$20-3*INDEX($N$11:$R$19,MATCH($U42,$M$11:$M$18,0),MATCH(Y$5,$N$10:$R$10,0))) -> 3 | Z42: =IF(O51=$U42,3*INDEX($N$11:$R$19,MATCH($U42,$M$11:$M$18,0),MATCH(Z$5,$N$10:$R$10,0)),P$20-3*INDEX($N$11:$R$19,MATCH($U42,$M$11:$M$18,0),MATCH(Z$5,$N$10:$R$10,0))) -> 6 | AA42: =IF(P51=$U42,3*INDEX($N$11:$R$19,MATCH($U42,$M$11:$M$18,0),MATCH(AA$5,$N$10:$R$10,0)),Q$20-3*INDEX($N$11:$R$19,MATCH($U42,$M$11:$M$18,0),MATCH(AA$5,$N$10:$R$10,0))) -> 44 | AB42: =IF(Q51=$U42,3*INDEX($N$11:$R$19,MATCH($U42,$M$11:$M$18,0),MATCH(AB$5,$N$10:$R$10,0)),R$20-3*INDEX($N$11:$R$19,MATCH($U42,$M$11:$M$18,0),MATCH(AB$5,$N$10:$R$10,0))) -> 47 | AC42: =AD42*W42 -> 1116720 | AD42: =PRODUCT(X42:AB42) -> 111672 | AE42: =(AD42/$AD$43)*W42 -> 0.003573504
G43: FF | H43: DD | I43: DD | J43: FF | K43: AA | M43: SC | N43: -- | O43: SC | P43: SC | Q43: -- | AC43: =SUM(AC6:AC42) -> 543307710 | AD43: =PRODUCT(N20:R20) -> 312500000 | AE43: =SUM(AE6:AE42) -> 1.7385847 | AF43: =SUM(AE27:AE42) -> 0.05716224
G44: EE | H44: DD | I44: WD | J44: FF | K44: AA | M44: -- | N44: SC | O44: -- | P44: SC | Q44: SC | AI44: Total Average wins | AK44: =AK37/AK38*AP38 + AK41 -> 47.490436 | AL44: =50*0.95 -> 47.5
G45: EE | H45: DD | I45: WD | J45: CC | K45: AA | M45: SC | N45: -- | O45: SC | P45: -- | Q45: SC | U45: SC | V45: 5 | W45: ='Game Description'!$E$23 -> 500 | X45: =IF($U45=M36,3*INDEX($N$24:$R$32,MATCH($U45,$M$24:$M$32,0),MATCH(X$5,$N$23:$R$23,0)),N$33-3*INDEX($N$24:$R$32,MATCH($U45,$M$24:$M$32,0),MATCH(X$5,$N$23:$R$23,0))) -> 24 | Y45: =IF($U45=N36,3*INDEX($N$24:$R$32,MATCH($U45,$M$24:$M$32,0),MATCH(Y$5,$N$23:$R$23,0)),O$33-3*INDEX($N$24:$R$32,MATCH($U45,$M$24:$M$32,0),MATCH(Y$5,$N$23:$R$23,0))) -> 24 | Z45: =IF($U45=O36,3*INDEX($N$24:$R$32,MATCH($U45,$M$24:$M$32,0),MATCH(Z$5,$N$23:$R$23,0)),P$33-3*INDEX($N$24:$R$32,MATCH($U45,$M$24:$M$32,0),MATCH(Z$5,$N$23:$R$23,0))) -> 24 | AA45: =IF($U45=P36,3*INDEX($N$24:$R$32,MATCH($U45,$M$24:$M$32,0),MATCH(AA$5,$N$23:$R$23,0)),Q$33-3*INDEX($N$24:$R$32,MATCH($U45,$M$24:$M$32,0),MATCH(AA$5,$N$23:$R$23,0))) -> 3 | AB45: =IF($U45=Q36,3*INDEX($N$24:$R$32,MATCH($U45,$M$24:$M$32,0),MATCH(AB$5,$N$23:$R$23,0)),R$33-3*INDEX($N$24:$R$32,MATCH($U45,$M$24:$M$32,0),MATCH(AB$5,$N$23:$R$23,0))) -> 3 | AC45: =AD45*W45 -> 62208000 | AD45: =PRODUCT(X45:AB45) -> 124416 | AE45: =(AD45/$AD$61)*W45 -> 7.8125
G46: CC | H46: DD | I46: DD | J46: CC | K46: FF | M46: SC | N46: SC | O46: -- | P46: SC | Q46: -- | U46: SC | V46: 4 | W46: ='Game Description'!$D$23 -> 50 | X46: =IF($U46=M37,3*INDEX($N$24:$R$32,MATCH($U46,$M$24:$M$32,0),MATCH(X$5,$N$23:$R$23,0)),N$33-3*INDEX($N$24:$R$32,MATCH($U46,$M$24:$M$32,0),MATCH(X$5,$N$23:$R$23,0))) -> 24 | Y46: =IF($U46=N37,3*INDEX($N$24:$R$32,MATCH($U46,$M$24:$M$32,0),MATCH(Y$5,$N$23:$R$23,0)),O$33-3*INDEX($N$24:$R$32,MATCH($U46,$M$24:$M$32,0),MATCH(Y$5,$N$23:$R$23,0))) -> 24 | Z46: =IF($U46=O37,3*INDEX($N$24:$R$32,MATCH($U46,$M$24:$M$32,0),MATCH(Z$5,$N$23:$R$23,0)),P$33-3*INDEX($N$24:$R$32,MATCH($U46,$M$24:$M$32,0),MATCH(Z$5,$N$23:$R$23,0))) -> 24 | AA46: =IF($U46=P37,3*INDEX($N$24:$R$32,MATCH($U46,$M$24:$M$32,0),MATCH(AA$5,$N$23:$R$23,0)),Q$33-3*INDEX($N$24:$R$32,MATCH($U46,$M$24:$M$32,0),MATCH(AA$5,$N$23:$R$23,0))) -> 3 | AB46: =IF($U46=Q37,3*INDEX($N$24:$R$32,MATCH($U46,$M$24:$M$32,0),MATCH(AB$5,$N$23:$R$23,0)),R$33-3*INDEX($N$24:$R$32,MATCH($U46,$M$24:$M$32,0),MATCH(AB$5,$N$23:$R$23,0))) -> 21 | AC46: =AD46*W46 -> 43545600 | AD46: =PRODUCT(X46:AB46) -> 870912 | AE46: =(AD46/$AD$61)*W46 -> 5.46875
G47: BB | H47: BB | I47: DD | J47: CC | K47: BB | M47: -- | N47: SC | O47: SC | P47: -- | Q47: SC | U47: SC | V47: 4 | W47: ='Game Description'!$D$23 -> 50 | X47: =IF($U47=M38,3*INDEX($N$24:$R$32,MATCH($U47,$M$24:$M$32,0),MATCH(X$5,$N$23:$R$23,0)),N$33-3*INDEX($N$24:$R$32,MATCH($U47,$M$24:$M$32,0),MATCH(X$5,$N$23:$R$23,0))) -> 24 | Y47: =IF($U47=N38,3*INDEX($N$24:$R$32,MATCH($U47,$M$24:$M$32,0),MATCH(Y$5,$N$23:$R$23,0)),O$33-3*INDEX($N$24:$R$32,MATCH($U47,$M$24:$M$32,0),MATCH(Y$5,$N$23:$R$23,0))) -> 24 | Z47: =IF($U47=O38,3*INDEX($N$24:$R$32,MATCH($U47,$M$24:$M$32,0),MATCH(Z$5,$N$23:$R$23,0)),P$33-3*INDEX($N$24:$R$32,MATCH($U47,$M$24:$M$32,0),MATCH(Z$5,$N$23:$R$23,0))) -> 24 | AA47: =IF($U47=P38,3*INDEX($N$24:$R$32,MATCH($U47,$M$24:$M$32,0),MATCH(AA$5,$N$23:$R$23,0)),Q$33-3*INDEX($N$24:$R$32,MATCH($U47,$M$24:$M$32,0),MATCH(AA$5,$N$23:$R$23,0))) -> 21 | AB47: =IF($U47=Q38,3*INDEX($N$24:$R$32,MATCH($U47,$M$24:$M$32,0),MATCH(AB$5,$N$23:$R$23,0)),R$33-3*INDEX($N$24:$R$32,MATCH($U47,$M$24:$M$32,0),MATCH(AB$5,$N$23:$R$23,0))) -> 3 | AC47: =AD47*W47 -> 43545600 | AD47: =PRODUCT(X47:AB47) -> 870912 | AE47: =(AD47/$AD$61)*W47 -> 5.46875
G48: BB | H48: BB | I48: GG | J48: GG | K48: BB | M48: SC | N48: SC | O48: -- | P48: -- | Q48: SC | U48: SC | V48: 4 | W48: ='Game Description'!$D$23 -> 50 | X48: =IF($U48=M39,3*INDEX($N$24:$R$32,MATCH($U48,$M$24:$M$32,0),MATCH(X$5,$N$23:$R$23,0)),N$33-3*INDEX($N$24:$R$32,MATCH($U48,$M$24:$M$32,0),MATCH(X$5,$N$23:$R$23,0))) -> 24 | Y48: =IF($U48=N39,3*INDEX($N$24:$R$32,MATCH($U48,$M$24:$M$32,0),MATCH(Y$5,$N$23:$R$23,0)),O$33-3*INDEX($N$24:$R$32,MATCH($U48,$M$24:$M$32,0),MATCH(Y$5,$N$23:$R$23,0))) -> 24 | Z48: =IF($U48=O39,3*INDEX($N$24:$R$32,MATCH($U48,$M$24:$M$32,0),MATCH(Z$5,$N$23:$R$23,0)),P$33-3*INDEX($N$24:$R$32,MATCH($U48,$M$24:$M$32,0),MATCH(Z$5,$N$23:$R$23,0))) -> 0 | AA48: =IF($U48=P39,3*INDEX($N$24:$R$32,MATCH($U48,$M$24:$M$32,0),MATCH(AA$5,$N$23:$R$23,0)),Q$33-3*INDEX($N$24:$R$32,MATCH($U48,$M$24:$M$32,0),MATCH(AA$5,$N$23:$R$23,0))) -> 3 | AB48: =IF($U48=Q39,3*INDEX($N$24:$R$32,MATCH($U48,$M$24:$M$32,0),MATCH(AB$5,$N$23:$R$23,0)),R$33-3*INDEX($N$24:$R$32,MATCH($U48,$M$24:$M$32,0),MATCH(AB$5,$N$23:$R$23,0))) -> 3 | AC48: =AD48*W48 -> 0 | AD48: =PRODUCT(X48:AB48) -> 0 | AE48: =(AD48/$AD$61)*W48 -> 0
G49: GG | H49: BB | I49: GG | J49: GG | K49: WD | M49: SC | N49: -- | O49: -- | P49: SC | Q49: SC | U49: SC | V49: 4 | W49: ='Game Description'!$D$23 -> 50 | X49: =IF($U49=M40,3*INDEX($N$24:$R$32,MATCH($U49,$M$24:$M$32,0),MATCH(X$5,$N$23:$R$23,0)),N$33-3*INDEX($N$24:$R$32,MATCH($U49,$M$24:$M$32,0),MATCH(X$5,$N$23:$R$23,0))) -> 24 | Y49: =IF($U49=N40,3*INDEX($N$24:$R$32,MATCH($U49,$M$24:$M$32,0),MATCH(Y$5,$N$23:$R$23,0)),O$33-3*INDEX($N$24:$R$32,MATCH($U49,$M$24:$M$32,0),MATCH(Y$5,$N$23:$R$23,0))) -> 0 | Z49: =IF($U49=O40,3*INDEX($N$24:$R$32,MATCH($U49,$M$24:$M$32,0),MATCH(Z$5,$N$23:$R$23,0)),P$33-3*INDEX($N$24:$R$32,MATCH($U49,$M$24:$M$32,0),MATCH(Z$5,$N$23:$R$23,0))) -> 24 | AA49: =IF($U49=P40,3*INDEX($N$24:$R$32,MATCH($U49,$M$24:$M$32,0),MATCH(AA$5,$N$23:$R$23,0)),Q$33-3*INDEX($N$24:$R$32,MATCH($U49,$M$24:$M$32,0),MATCH(AA$5,$N$23:$R$23,0))) -> 3 | AB49: =IF($U49=Q40,3*INDEX($N$24:$R$32,MATCH($U49,$M$24:$M$32,0),MATCH(AB$5,$N$23:$R$23,0)),R$33-3*INDEX($N$24:$R$32,MATCH($U49,$M$24:$M$32,0),MATCH(AB$5,$N$23:$R$23,0))) -> 3 | AC49: =AD49*W49 -> 0 | AD49: =PRODUCT(X49:AB49) -> 0 | AE49: =(AD49/$AD$61)*W49 -> 0
G50: FF | H50: EE | I50: EE | J50: CC | K50: DD | M50: -- | N50: -- | O50: SC | P50: SC | Q50: SC | U50: SC | V50: 4 | W50: ='Game Description'!$D$23 -> 50 | X50: =IF($U50=M41,3*INDEX($N$24:$R$32,MATCH($U50,$M$24:$M$32,0),MATCH(X$5,$N$23:$R$23,0)),N$33-3*INDEX($N$24:$R$32,MATCH($U50,$M$24:$M$32,0),MATCH(X$5,$N$23:$R$23,0))) -> 0 | Y50: =IF($U50=N41,3*INDEX($N$24:$R$32,MATCH($U50,$M$24:$M$32,0),MATCH(Y$5,$N$23:$R$23,0)),O$33-3*INDEX($N$24:$R$32,MATCH($U50,$M$24:$M$32,0),MATCH(Y$5,$N$23:$R$23,0))) -> 24 | Z50: =IF($U50=O41,3*INDEX($N$24:$R$32,MATCH($U50,$M$24:$M$32,0),MATCH(Z$5,$N$23:$R$23,0)),P$33-3*INDEX($N$24:$R$32,MATCH($U50,$M$24:$M$32,0),MATCH(Z$5,$N$23:$R$23,0))) -> 24 | AA50: =IF($U50=P41,3*INDEX($N$24:$R$32,MATCH($U50,$M$24:$M$32,0),MATCH(AA$5,$N$23:$R$23,0)),Q$33-3*INDEX($N$24:$R$32,MATCH($U50,$M$24:$M$32,0),MATCH(AA$5,$N$23:$R$23,0))) -> 3 | AB50: =IF($U50=Q41,3*INDEX($N$24:$R$32,MATCH($U50,$M$24:$M$32,0),MATCH(AB$5,$N$23:$R$23,0)),R$33-3*INDEX($N$24:$R$32,MATCH($U50,$M$24:$M$32,0),MATCH(AB$5,$N$23:$R$23,0))) -> 3 | AC50: =AD50*W50 -> 0 | AD50: =PRODUCT(X50:AB50) -> 0 | AE50: =(AD50/$AD$61)*W50 -> 0
G51: GG | H51: WD | I51: EE | J51: FF | K51: CC | M51: SC | N51: SC | O51: SC | P51: -- | Q51: -- | U51: SC | V51: 3 | W51: ='Game Description'!$C$23 -> 10 | X51: =IF($U51=M42,3*INDEX($N$24:$R$32,MATCH($U51,$M$24:$M$32,0),MATCH(X$5,$N$23:$R$23,0)),N$33-3*INDEX($N$24:$R$32,MATCH($U51,$M$24:$M$32,0),MATCH(X$5,$N$23:$R$23,0))) -> 0 | Y51: =IF($U51=N42,3*INDEX($N$24:$R$32,MATCH($U51,$M$24:$M$32,0),MATCH(Y$5,$N$23:$R$23,0)),O$33-3*INDEX($N$24:$R$32,MATCH($U51,$M$24:$M$32,0),MATCH(Y$5,$N$23:$R$23,0))) -> 24 | Z51: =IF($U51=O42,3*INDEX($N$24:$R$32,MATCH($U51,$M$24:$M$32,0),MATCH(Z$5,$N$23:$R$23,0)),P$33-3*INDEX($N$24:$R$32,MATCH($U51,$M$24:$M$32,0),MATCH(Z$5,$N$23:$R$23,0))) -> 24 | AA51: =IF($U51=P42,3*INDEX($N$24:$R$32,MATCH($U51,$M$24:$M$32,0),MATCH(AA$5,$N$23:$R$23,0)),Q$33-3*INDEX($N$24:$R$32,MATCH($U51,$M$24:$M$32,0),MATCH(AA$5,$N$23:$R$23,0))) -> 3 | AB51: =IF($U51=Q42,3*INDEX($N$24:$R$32,MATCH($U51,$M$24:$M$32,0),MATCH(AB$5,$N$23:$R$23,0)),R$33-3*INDEX($N$24:$R$32,MATCH($U51,$M$24:$M$32,0),MATCH(AB$5,$N$23:$R$23,0))) -> 21 | AC51: =AD51*W51 -> 0 | AD51: =PRODUCT(X51:AB51) -> 0 | AE51: =(AD51/$AD$61)*W51 -> 0
G52: GG | H52: GG | I52: CC | J52: EE | K52: CC | U52: SC | V52: 3 | W52: ='Game Description'!$C$23 -> 10 | X52: =IF($U52=M43,3*INDEX($N$24:$R$32,MATCH($U52,$M$24:$M$32,0),MATCH(X$5,$N$23:$R$23,0)),N$33-3*INDEX($N$24:$R$32,MATCH($U52,$M$24:$M$32,0),MATCH(X$5,$N$23:$R$23,0))) -> 24 | Y52: =IF($U52=N43,3*INDEX($N$24:$R$32,MATCH($U52,$M$24:$M$32,0),MATCH(Y$5,$N$23:$R$23,0)),O$33-3*INDEX($N$24:$R$32,MATCH($U52,$M$24:$M$32,0),MATCH(Y$5,$N$23:$R$23,0))) -> 0 | Z52: =IF($U52=O43,3*INDEX($N$24:$R$32,MATCH($U52,$M$24:$M$32,0),MATCH(Z$5,$N$23:$R$23,0)),P$33-3*INDEX($N$24:$R$32,MATCH($U52,$M$24:$M$32,0),MATCH(Z$5,$N$23:$R$23,0))) -> 24 | AA52: =IF($U52=P43,3*INDEX($N$24:$R$32,MATCH($U52,$M$24:$M$32,0),MATCH(AA$5,$N$23:$R$23,0)),Q$33-3*INDEX($N$24:$R$32,MATCH($U52,$M$24:$M$32,0),MATCH(AA$5,$N$23:$R$23,0))) -> 3 | AB52: =IF($U52=Q43,3*INDEX($N$24:$R$32,MATCH($U52,$M$24:$M$32,0),MATCH(AB$5,$N$23:$R$23,0)),R$33-3*INDEX($N$24:$R$32,MATCH($U52,$M$24:$M$32,0),MATCH(AB$5,$N$23:$R$23,0))) -> 21 | AC52: =AD52*W52 -> 0 | AD52: =PRODUCT(X52:AB52) -> 0 | AE52: =(AD52/$AD$61)*W52 -> 0
U53: SC | V53: 3 | W53: ='Game Description'!$C$23 -> 10 | X53: =IF($U53=M44,3*INDEX($N$24:$R$32,MATCH($U53,$M$24:$M$32,0),MATCH(X$5,$N$23:$R$23,0)),N$33-3*INDEX($N$24:$R$32,MATCH($U53,$M$24:$M$32,0),MATCH(X$5,$N$23:$R$23,0))) -> 0 | Y53: =IF($U53=N44,3*INDEX($N$24:$R$32,MATCH($U53,$M$24:$M$32,0),MATCH(Y$5,$N$23:$R$23,0)),O$33-3*INDEX($N$24:$R$32,MATCH($U53,$M$24:$M$32,0),MATCH(Y$5,$N$23:$R$23,0))) -> 24 | Z53: =IF($U53=O44,3*INDEX($N$24:$R$32,MATCH($U53,$M$24:$M$32,0),MATCH(Z$5,$N$23:$R$23,0)),P$33-3*INDEX($N$24:$R$32,MATCH($U53,$M$24:$M$32,0),MATCH(Z$5,$N$23:$R$23,0))) -> 0 | AA53: =IF($U53=P44,3*INDEX($N$24:$R$32,MATCH($U53,$M$24:$M$32,0),MATCH(AA$5,$N$23:$R$23,0)),Q$33-3*INDEX($N$24:$R$32,MATCH($U53,$M$24:$M$32,0),MATCH(AA$5,$N$23:$R$23,0))) -> 3 | AB53: =IF($U53=Q44,3*INDEX($N$24:$R$32,MATCH($U53,$M$24:$M$32,0),MATCH(AB$5,$N$23:$R$23,0)),R$33-3*INDEX($N$24:$R$32,MATCH($U53,$M$24:$M$32,0),MATCH(AB$5,$N$23:$R$23,0))) -> 3 | AC53: =AD53*W53 -> 0 | AD53: =PRODUCT(X53:AB53) -> 0 | AE53: =(AD53/$AD$61)*W53 -> 0
U54: SC | V54: 3 | W54: ='Game Description'!$C$23 -> 10 | X54: =IF($U54=M45,3*INDEX($N$24:$R$32,MATCH($U54,$M$24:$M$32,0),MATCH(X$5,$N$23:$R$23,0)),N$33-3*INDEX($N$24:$R$32,MATCH($U54,$M$24:$M$32,0),MATCH(X$5,$N$23:$R$23,0))) -> 24 | Y54: =IF($U54=N45,3*INDEX($N$24:$R$32,MATCH($U54,$M$24:$M$32,0),MATCH(Y$5,$N$23:$R$23,0)),O$33-3*INDEX($N$24:$R$32,MATCH($U54,$M$24:$M$32,0),MATCH(Y$5,$N$23:$R$23,0))) -> 0 | Z54: =IF($U54=O45,3*INDEX($N$24:$R$32,MATCH($U54,$M$24:$M$32,0),MATCH(Z$5,$N$23:$R$23,0)),P$33-3*INDEX($N$24:$R$32,MATCH($U54,$M$24:$M$32,0),MATCH(Z$5,$N$23:$R$23,0))) -> 24 | AA54: =IF($U54=P45,3*INDEX($N$24:$R$32,MATCH($U54,$M$24:$M$32,0),MATCH(AA$5,$N$23:$R$23,0)),Q$33-3*INDEX($N$24:$R$32,MATCH($U54,$M$24:$M$32,0),MATCH(AA$5,$N$23:$R$23,0))) -> 21 | AB54: =IF($U54=Q45,3*INDEX($N$24:$R$32,MATCH($U54,$M$24:$M$32,0),MATCH(AB$5,$N$23:$R$23,0)),R$33-3*INDEX($N$24:$R$32,MATCH($U54,$M$24:$M$32,0),MATCH(AB$5,$N$23:$R$23,0))) -> 3 | AC54: =AD54*W54 -> 0 | AD54: =PRODUCT(X54:AB54) -> 0 | AE54: =(AD54/$AD$61)*W54 -> 0
U55: SC | V55: 3 | W55: ='Game Description'!$C$23 -> 10 | X55: =IF($U55=M46,3*INDEX($N$24:$R$32,MATCH($U55,$M$24:$M$32,0),MATCH(X$5,$N$23:$R$23,0)),N$33-3*INDEX($N$24:$R$32,MATCH($U55,$M$24:$M$32,0),MATCH(X$5,$N$23:$R$23,0))) -> 24 | Y55: =IF($U55=N46,3*INDEX($N$24:$R$32,MATCH($U55,$M$24:$M$32,0),MATCH(Y$5,$N$23:$R$23,0)),O$33-3*INDEX($N$24:$R$32,MATCH($U55,$M$24:$M$32,0),MATCH(Y$5,$N$23:$R$23,0))) -> 24 | Z55: =IF($U55=O46,3*INDEX($N$24:$R$32,MATCH($U55,$M$24:$M$32,0),MATCH(Z$5,$N$23:$R$23,0)),P$33-3*INDEX($N$24:$R$32,MATCH($U55,$M$24:$M$32,0),MATCH(Z$5,$N$23:$R$23,0))) -> 0 | AA55: =IF($U55=P46,3*INDEX($N$24:$R$32,MATCH($U55,$M$24:$M$32,0),MATCH(AA$5,$N$23:$R$23,0)),Q$33-3*INDEX($N$24:$R$32,MATCH($U55,$M$24:$M$32,0),MATCH(AA$5,$N$23:$R$23,0))) -> 3 | AB55: =IF($U55=Q46,3*INDEX($N$24:$R$32,MATCH($U55,$M$24:$M$32,0),MATCH(AB$5,$N$23:$R$23,0)),R$33-3*INDEX($N$24:$R$32,MATCH($U55,$M$24:$M$32,0),MATCH(AB$5,$N$23:$R$23,0))) -> 21 | AC55: =AD55*W55 -> 0 | AD55: =PRODUCT(X55:AB55) -> 0 | AE55: =(AD55/$AD$61)*W55 -> 0
U56: SC | V56: 3 | W56: ='Game Description'!$C$23 -> 10 | X56: =IF($U56=M47,3*INDEX($N$24:$R$32,MATCH($U56,$M$24:$M$32,0),MATCH(X$5,$N$23:$R$23,0)),N$33-3*INDEX($N$24:$R$32,MATCH($U56,$M$24:$M$32,0),MATCH(X$5,$N$23:$R$23,0))) -> 0 | Y56: =IF($U56=N47,3*INDEX($N$24:$R$32,MATCH($U56,$M$24:$M$32,0),MATCH(Y$5,$N$23:$R$23,0)),O$33-3*INDEX($N$24:$R$32,MATCH($U56,$M$24:$M$32,0),MATCH(Y$5,$N$23:$R$23,0))) -> 24 | Z56: =IF($U56=O47,3*INDEX($N$24:$R$32,MATCH($U56,$M$24:$M$32,0),MATCH(Z$5,$N$23:$R$23,0)),P$33-3*INDEX($N$24:$R$32,MATCH($U56,$M$24:$M$32,0),MATCH(Z$5,$N$23:$R$23,0))) -> 24 | AA56: =IF($U56=P47,3*INDEX($N$24:$R$32,MATCH($U56,$M$24:$M$32,0),MATCH(AA$5,$N$23:$R$23,0)),Q$33-3*INDEX($N$24:$R$32,MATCH($U56,$M$24:$M$32,0),MATCH(AA$5,$N$23:$R$23,0))) -> 21 | AB56: =IF($U56=Q47,3*INDEX($N$24:$R$32,MATCH($U56,$M$24:$M$32,0),MATCH(AB$5,$N$23:$R$23,0)),R$33-3*INDEX($N$24:$R$32,MATCH($U56,$M$24:$M$32,0),MATCH(AB$5,$N$23:$R$23,0))) -> 3 | AC56: =AD56*W56 -> 0 | AD56: =PRODUCT(X56:AB56) -> 0 | AE56: =(AD56/$AD$61)*W56 -> 0
U57: SC | V57: 3 | W57: ='Game Description'!$C$23 -> 10 | X57: =IF($U57=M48,3*INDEX($N$24:$R$32,MATCH($U57,$M$24:$M$32,0),MATCH(X$5,$N$23:$R$23,0)),N$33-3*INDEX($N$24:$R$32,MATCH($U57,$M$24:$M$32,0),MATCH(X$5,$N$23:$R$23,0))) -> 24 | Y57: =IF($U57=N48,3*INDEX($N$24:$R$32,MATCH($U57,$M$24:$M$32,0),MATCH(Y$5,$N$23:$R$23,0)),O$33-3*INDEX($N$24:$R$32,MATCH($U57,$M$24:$M$32,0),MATCH(Y$5,$N$23:$R$23,0))) -> 24 | Z57: =IF($U57=O48,3*INDEX($N$24:$R$32,MATCH($U57,$M$24:$M$32,0),MATCH(Z$5,$N$23:$R$23,0)),P$33-3*INDEX($N$24:$R$32,MATCH($U57,$M$24:$M$32,0),MATCH(Z$5,$N$23:$R$23,0))) -> 0 | AA57: =IF($U57=P48,3*INDEX($N$24:$R$32,MATCH($U57,$M$24:$M$32,0),MATCH(AA$5,$N$23:$R$23,0)),Q$33-3*INDEX($N$24:$R$32,MATCH($U57,$M$24:$M$32,0),MATCH(AA$5,$N$23:$R$23,0))) -> 21 | AB57: =IF($U57=Q48,3*INDEX($N$24:$R$32,MATCH($U57,$M$24:$M$32,0),MATCH(AB$5,$N$23:$R$23,0)),R$33-3*INDEX($N$24:$R$32,MATCH($U57,$M$24:$M$32,0),MATCH(AB$5,$N$23:$R$23,0))) -> 3 | AC57: =AD57*W57 -> 0 | AD57: =PRODUCT(X57:AB57) -> 0 | AE57: =(AD57/$AD$61)*W57 -> 0
U58: SC | V58: 3 | W58: ='Game Description'!$C$23 -> 10 | X58: =IF($U58=M49,3*INDEX($N$24:$R$32,MATCH($U58,$M$24:$M$32,0),MATCH(X$5,$N$23:$R$23,0)),N$33-3*INDEX($N$24:$R$32,MATCH($U58,$M$24:$M$32,0),MATCH(X$5,$N$23:$R$23,0))) -> 24 | Y58: =IF($U58=N49,3*INDEX($N$24:$R$32,MATCH($U58,$M$24:$M$32,0),MATCH(Y$5,$N$23:$R$23,0)),O$33-3*INDEX($N$24:$R$32,MATCH($U58,$M$24:$M$32,0),MATCH(Y$5,$N$23:$R$23,0))) -> 0 | Z58: =IF($U58=O49,3*INDEX($N$24:$R$32,MATCH($U58,$M$24:$M$32,0),MATCH(Z$5,$N$23:$R$23,0)),P$33-3*INDEX($N$24:$R$32,MATCH($U58,$M$24:$M$32,0),MATCH(Z$5,$N$23:$R$23,0))) -> 0 | AA58: =IF($U58=P49,3*INDEX($N$24:$R$32,MATCH($U58,$M$24:$M$32,0),MATCH(AA$5,$N$23:$R$23,0)),Q$33-3*INDEX($N$24:$R$32,MATCH($U58,$M$24:$M$32,0),MATCH(AA$5,$N$23:$R$23,0))) -> 3 | AB58: =IF($U58=Q49,3*INDEX($N$24:$R$32,MATCH($U58,$M$24:$M$32,0),MATCH(AB$5,$N$23:$R$23,0)),R$33-3*INDEX($N$24:$R$32,MATCH($U58,$M$24:$M$32,0),MATCH(AB$5,$N$23:$R$23,0))) -> 3 | AC58: =AD58*W58 -> 0 | AD58: =PRODUCT(X58:AB58) -> 0 | AE58: =(AD58/$AD$61)*W58 -> 0
U59: SC | V59: 3 | W59: ='Game Description'!$C$23 -> 10 | X59: =IF($U59=M50,3*INDEX($N$24:$R$32,MATCH($U59,$M$24:$M$32,0),MATCH(X$5,$N$23:$R$23,0)),N$33-3*INDEX($N$24:$R$32,MATCH($U59,$M$24:$M$32,0),MATCH(X$5,$N$23:$R$23,0))) -> 0 | Y59: =IF($U59=N50,3*INDEX($N$24:$R$32,MATCH($U59,$M$24:$M$32,0),MATCH(Y$5,$N$23:$R$23,0)),O$33-3*INDEX($N$24:$R$32,MATCH($U59,$M$24:$M$32,0),MATCH(Y$5,$N$23:$R$23,0))) -> 0 | Z59: =IF($U59=O50,3*INDEX($N$24:$R$32,MATCH($U59,$M$24:$M$32,0),MATCH(Z$5,$N$23:$R$23,0)),P$33-3*INDEX($N$24:$R$32,MATCH($U59,$M$24:$M$32,0),MATCH(Z$5,$N$23:$R$23,0))) -> 24 | AA59: =IF($U59=P50,3*INDEX($N$24:$R$32,MATCH($U59,$M$24:$M$32,0),MATCH(AA$5,$N$23:$R$23,0)),Q$33-3*INDEX($N$24:$R$32,MATCH($U59,$M$24:$M$32,0),MATCH(AA$5,$N$23:$R$23,0))) -> 3 | AB59: =IF($U59=Q50,3*INDEX($N$24:$R$32,MATCH($U59,$M$24:$M$32,0),MATCH(AB$5,$N$23:$R$23,0)),R$33-3*INDEX($N$24:$R$32,MATCH($U59,$M$24:$M$32,0),MATCH(AB$5,$N$23:$R$23,0))) -> 3 | AC59: =AD59*W59 -> 0 | AD59: =PRODUCT(X59:AB59) -> 0 | AE59: =(AD59/$AD$61)*W59 -> 0
U60: SC | V60: 3 | W60: ='Game Description'!$C$23 -> 10 | X60: =IF($U60=M51,3*INDEX($N$24:$R$32,MATCH($U60,$M$24:$M$32,0),MATCH(X$5,$N$23:$R$23,0)),N$33-3*INDEX($N$24:$R$32,MATCH($U60,$M$24:$M$32,0),MATCH(X$5,$N$23:$R$23,0))) -> 24 | Y60: =IF($U60=N51,3*INDEX($N$24:$R$32,MATCH($U60,$M$24:$M$32,0),MATCH(Y$5,$N$23:$R$23,0)),O$33-3*INDEX($N$24:$R$32,MATCH($U60,$M$24:$M$32,0),MATCH(Y$5,$N$23:$R$23,0))) -> 24 | Z60: =IF($U60=O51,3*INDEX($N$24:$R$32,MATCH($U60,$M$24:$M$32,0),MATCH(Z$5,$N$23:$R$23,0)),P$33-3*INDEX($N$24:$R$32,MATCH($U60,$M$24:$M$32,0),MATCH(Z$5,$N$23:$R$23,0))) -> 24 | AA60: =IF($U60=P51,3*INDEX($N$24:$R$32,MATCH($U60,$M$24:$M$32,0),MATCH(AA$5,$N$23:$R$23,0)),Q$33-3*INDEX($N$24:$R$32,MATCH($U60,$M$24:$M$32,0),MATCH(AA$5,$N$23:$R$23,0))) -> 21 | AB60: =IF($U60=Q51,3*INDEX($N$24:$R$32,MATCH($U60,$M$24:$M$32,0),MATCH(AB$5,$N$23:$R$23,0)),R$33-3*INDEX($N$24:$R$32,MATCH($U60,$M$24:$M$32,0),MATCH(AB$5,$N$23:$R$23,0))) -> 21 | AC60: =AD60*W60 -> 60963840 | AD60: =PRODUCT(X60:AB60) -> 6096384 | AE60: =(AD60/$AD$61)*W60 -> 7.65625
AC61: =SUM(AC45:AC60) -> 210263040 | AD61: =PRODUCT(N33:R33) -> 7962624 | AE61: =SUM(AE45:AE60) -> 26.40625
